Release Date,Date Added,#P,Active Params,Total Params,Model,Link,UGI üèÜ,W/10 üëç,I/10 üìö,Unruly,Internet,Stats,Writing,PolContro,Reg+MyScore üèÜ,Reg+Int üèÜ,MyScore üèÜ,ASSS‚¨áÔ∏è,SMOG‚¨ÜÔ∏è,Yule‚¨áÔ∏è,Score üèÜ,Dif,Cor,Std,Foundation
8/15/2024,8/17/2024,405,405.0,405.0,NousResearch/Hermes-3-Llama-3.1-405B,https://huggingface.co/NousResearch/Hermes-3-Llama-3.1-405B,66.73,6.363636364,8.812585635,65.8,66.0,58.1,57.1,86.7,0.383,0.709,0.30,7.32,8.02,1.84,0.556,1.40,0.38,0.96,0
10/23/2024,11/30/2024,123,123.0,123.0,MarsupialAI/Monstral-123B,https://huggingface.co/MarsupialAI/Monstral-123B,62.93,10,5.396969579,91.7,37.9,60.3,53.5,71.3,0.491,0.350,0.75,8.82,9.45,1.31,0.125,2.27,-0.01,1.61,0
10/21/2024,11/27/2024,123,123.0,123.0,TheDrummer/Behemoth-123B-v1.1,https://huggingface.co/TheDrummer/Behemoth-123B-v1.1,60.18,9.090909091,5.853295261,83.3,37.9,51.8,50.5,77.3,0.279,0.323,0.45,9.99,7.79,1.67,0.185,2.13,0.11,2.17,0
8/29/2024,8/29/2024,123,123.0,123.0,FluffyKaeloky/Luminum-v0.1-123B,https://huggingface.co/FluffyKaeloky/Luminum-v0.1-123B,60.12,9.090909091,6.519961928,83.3,42.4,59.5,51.4,64.0,0.125,0.370,0.10,9.23,8.65,1.58,0.239,2.20,0.28,1.95,0
10/8/2024,10/9/2024,123,123.0,123.0,TheDrummer/Behemoth-123B-v1,https://huggingface.co/TheDrummer/Behemoth-123B-v1,59.94,9.090909091,5.730302913,79.2,32.9,58.9,58.0,70.7,0.554,0.462,0.65,9.42,10.01,1.42,0.070,2.73,-0.03,2.29,0
9/8/2024,10/9/2024,123,123.0,123.0,schnapper79/lumikabra-123B_v0.4,https://huggingface.co/schnapper79/lumikabra-123B_v0.4,59.57,7.727272727,6.456088688,85.4,32.4,48.7,54.0,77.3,0.311,0.389,0.30,7.47,8.29,1.33,0.037,2.67,-0.25,1.93,0
8/3/2024,8/8/2024,405,405.0,405.0,migtissera/Tess-3-Llama-3.1-405B,https://huggingface.co/migtissera/Tess-3-Llama-3.1-405B,58.35,6.363636364,8.585381661,75.0,54.4,44.2,55.8,62.3,0.149,0.388,0.10,7.72,7.26,1.65,0.000,NA,NA,NA,0
11/30/2024,12/1/2024,123,123.0,123.0,TheDrummer/Behemoth-123B-v1.2,https://huggingface.co/TheDrummer/Behemoth-123B-v1.2,58.05,9.090909091,4.687734102,83.3,34.9,48.8,45.9,77.3,0.579,0.468,0.70,7.34,8.02,1.86,0.065,2.53,-0.11,2.17,0
7/9/2024,8/16/2024,70,70.0,70.0,juvi21/Hermes-2-Theta-L3-Euryale-Ties-0.8-70B,https://huggingface.co/juvi21/Hermes-2-Theta-L3-Euryale-Ties-0.8-70B,56.28,9.090909091,6.341414024,70.8,41.9,50.9,49.8,68.0,0.273,0.409,0.20,5.87,7.54,1.26,0.091,2.47,0.02,1.00,0
6/14/2024,,70,70.0,70.0,Sao10K/L3-70B-Euryale-v2.1,https://huggingface.co/Sao10K/L3-70B-Euryale-v2.1,55.44,9.090909091,6.341414024,66.7,42.0,50.9,55.7,62.0,0.346,0.395,0.35,5.66,6.37,1.91,0.267,2.13,0.29,1.19,0
11/23/2024,11/28/2024,123,123.0,123.0,TheDrummer/Behemoth-123B-v2.1,https://huggingface.co/TheDrummer/Behemoth-123B-v2.1,55.17,10,4.373136955,78.3,42.4,53.1,50.7,51.3,0.278,0.339,0.45,8.79,8.56,1.67,0.239,2.20,0.28,1.95,0
5/27/2024,,70,70.0,70.0,crestf411/L3-70B-daybreak-abliterated-v0.4,https://huggingface.co/crestf411/L3-70B-daybreak-abliterated-v0.4,54.98,8.727272727,4.383519924,78.3,55.5,43.5,44.0,53.7,0.193,0.384,0.15,5.57,8.08,1.69,0.146,2.07,-0.01,1.18,0
11/20/2024,11/28/2024,123,123.0,123.0,TheDrummer/Behemoth-123B-v2,https://huggingface.co/TheDrummer/Behemoth-123B-v2,54.94,8.454545455,5.039803622,70.8,42.4,58.3,45.2,58.0,0.514,0.427,0.65,10.29,8.34,1.41,0.047,2.80,-0.15,1.67,0
7/24/2024,7/29/2024,123,123.0,123.0,mistralai/Mistral-Large-Instruct-2407,https://huggingface.co/mistralai/Mistral-Large-Instruct-2407,54.75,6.363636364,5.956088688,79.2,34.9,50.5,62.8,46.3,0.256,0.378,0.25,6.36,8.23,2.00,0.254,1.67,0.09,0.94,1
8/19/2024,8/19/2024,123,123.0,123.0,anthracite-org/magnum-v2-123b,https://huggingface.co/anthracite-org/magnum-v2-123b,53.63,8.181818182,5.911093286,60.8,37.9,59.2,52.2,58.0,0.352,0.404,0.35,4.77,7.05,1.34,0.084,2.47,-0.04,1.88,0
5/7/2024,,70,70.0,70.0,Steelskull/L3-MS-Astoria-70b,https://huggingface.co/Steelskull/L3-MS-Astoria-70b,53.02,7.272727273,5.352525135,78.3,50.5,44.0,32.6,59.7,0.268,0.391,0.35,8.55,6.91,1.70,0.390,1.87,0.34,2.29,0
7/26/2024,7/29/2024,123,123.0,123.0,NeverSleep/Lumimaid-v0.2-123B,https://huggingface.co/NeverSleep/Lumimaid-v0.2-123B,52.33,9.090909091,5.184110234,75.0,29.9,46.9,45.9,64.0,0.238,0.324,0.30,7.51,9.37,1.33,0.135,2.47,0.09,1.90,0
8/27/2024,8/29/2024,,NA,NA,Gemini 1.5 Pro Experimental 0827,,52.32,5.454545455,6.274747357,78.3,31.9,41.5,47.5,62.3,0.466,0.533,0.30,6.78,9.54,1.97,0.143,2.07,0.07,0.81,0
11/16/2024,11/30/2024,22,22.0,22.0,TheDrummer/Cydonia-22B-v1.3,https://huggingface.co/TheDrummer/Cydonia-22B-v1.3,52.23,8.181818182,4.539075479,70.8,26.5,47.6,47.6,68.7,0.308,0.397,0.20,8.26,8.38,1.34,0.106,1.93,-0.13,0.85,0
8/1/2024,8/6/2024,,NA,NA,Gemini 1.5 Pro Experimental 0801,,50.76,5,7.757421167,60.8,35.6,44.6,57.1,55.7,0.505,0.409,0.65,5.56,8.66,1.72,0.143,2.07,0.07,0.81,0
10/7/2024,11/29/2024,22,22.0,22.0,TheDrummer/Cydonia-22B-v1.2,https://huggingface.co/TheDrummer/Cydonia-22B-v1.2,50.08,10,4.441840293,65.0,17.1,46.4,53.2,68.7,0.427,0.284,0.60,6.14,6.14,1.73,0.115,1.87,-0.12,0.82,0
5/7/2024,,70,70.0,70.0,failspy/llama-3-70B-Instruct-abliterated,https://huggingface.co/failspy/llama-3-70B-Instruct-abliterated,49.68,7.272727273,4.961936398,52.5,58.3,42.2,44.7,50.7,0.213,0.379,0.20,5.96,9.06,1.52,0.120,2.20,0.04,0.89,0
3/26/2024,,16x12B,36.0,132.0,databricks/dbrx-base,https://huggingface.co/databricks/dbrx-base,48.80,8.181818182,5.447413789,62.5,52.2,42.1,39.8,47.3,0.018,0.285,0.00,17.68,5.59,4.10,0.000,2.80,NA,0.00,1
10/20/2024,10/22/2024,123,123.0,123.0,anthracite-org/magnum-v4-123b,https://huggingface.co/anthracite-org/magnum-v4-123b,48.54,6.363636364,4.850776901,81.7,25.4,42.7,60.0,33.0,0.315,0.391,0.25,6.98,8.27,1.84,0.173,2.07,0.06,1.45,0
11/18/2024,11/23/2024,123,123.0,123.0,mistralai/Mistral-Large-Instruct-2411,https://huggingface.co/mistralai/Mistral-Large-Instruct-2411,48.05,5.909090909,5.853423516,62.5,37.9,50.8,51.4,37.7,0.192,0.401,0.15,7.36,10.13,1.79,0.245,1.73,0.12,0.93,1
11/11/2024,11/26/2024,22,22.0,22.0,concedo/Beepo-22B,https://huggingface.co/concedo/Beepo-22B,47.69,10,3.242990126,70.0,16.5,45.0,52.6,54.3,0.255,0.311,0.10,8.17,7.73,1.86,0.058,2.20,-0.23,0.88,0
11/24/2024,11/26/2024,123,123.0,123.0,TheDrummer/Behemoth-123B-v2.2,https://huggingface.co/TheDrummer/Behemoth-123B-v2.2,47.53,6.363636364,4.439803622,65.8,43.4,37.6,39.5,51.3,0.547,0.545,0.55,7.10,8.12,1.33,0.138,1.93,-0.08,1.15,0
9/26/2024,9/28/2024,22,22.0,22.0,ArliAI/Mistral-Small-22B-ArliAI-RPMax-v1.1,https://huggingface.co/ArliAI/Mistral-Small-22B-ArliAI-RPMax-v1.1,47.47,9.090909091,3.895699522,57.5,21.5,53.7,44.3,60.3,0.202,0.327,0.10,6.46,7.75,1.65,0.120,1.87,-0.09,0.81,0
6/7/2024,,70,70.0,70.0,crestf411/L3-70B-sunfall-abliterated-v0.2,https://huggingface.co/crestf411/L3-70B-sunfall-abliterated-v0.2,47.44,7.272727273,3.995359177,78.3,40.5,36.7,28.1,53.7,0.187,0.278,0.20,9.07,7.88,1.61,0.099,2.47,0.04,1.02,0
8/13/2024,9/3/2024,,NA,NA,Grok-2 (beta),,47.44,3.636363636,4.722222222,57.5,55.0,36.3,36.1,52.3,0.327,0.542,0.25,6.49,8.18,1.97,0.191,2.47,0.33,0.94,0
2/18/2024,,70,70.0,70.0,cookinai/OrcaHermes-Mistral-70B-miqu,https://huggingface.co/cookinai/OrcaHermes-Mistral-70B-miqu,47.12,6.363636364,5.317443568,66.7,44.6,46.4,45.6,32.3,0.131,0.392,0.10,9.12,7.67,1.75,0.345,1.73,0.25,1.03,0
9/17/2024,9/28/2024,22,22.0,22.0,mistralai/Mistral-Small-Instruct-2409,https://huggingface.co/mistralai/Mistral-Small-Instruct-2409,46.75,6.363636364,5.150914733,83.3,21.5,48.4,43.5,37.0,0.222,0.281,0.20,6.12,8.06,1.96,0.027,2.27,-0.35,0.62,1
5/19/2024,,70,70.0,70.0,failspy/Llama-3-70B-Instruct-abliterated-v3,https://huggingface.co/failspy/Llama-3-70B-Instruct-abliterated-v3,46.72,9.090909091,3.853218377,45.8,38.2,45.6,46.6,57.3,0.117,0.326,0.05,6.84,8.49,1.68,0.226,1.80,0.11,0.91,0
9/9/2024,9/9/2024,12,12.0,12.0,TheDrummer/UnslopNemo-v2 (chatml),https://huggingface.co/TheDrummer/UnslopNemo-v2-GGUF,46.70,10,3.495359177,56.7,21.4,42.6,52.5,60.3,0.247,0.348,0.10,5.95,7.42,1.64,0.103,2.27,-0.04,1.12,0
8/21/2024,8/21/2024,72,72.0,72.0,anthracite-org/magnum-v2-72b,https://huggingface.co/anthracite-org/magnum-v2-72b,46.01,6.681818182,5.18655171,69.2,40.3,35.5,31.5,53.7,0.278,0.282,0.40,7.45,7.30,1.52,0.025,3.07,-0.23,1.34,0
8/3/2024,8/13/2024,70,70.0,70.0,mlabonne/Llama-3.1-70B-Instruct-lorablated,https://huggingface.co/mlabonne/Llama-3.1-70B-Instruct-lorablated,45.96,5.909090909,5.398845213,64.2,43.1,35.1,44.3,43.3,0.162,0.340,0.15,7.37,9.58,1.62,0.267,1.80,0.20,0.87,0
4/18/2024,,70,70.0,70.0,meta-llama/Meta-Llama-3-70B,https://huggingface.co/meta-llama/Meta-Llama-3-70B,45.85,8.181818182,5.086418992,46.7,53.8,42.1,39.5,47.2,0.194,0.386,0.15,9.74,6.89,1.74,0.000,NA,NA,NA,1
5/22/2024,,70,70.0,70.0,cognitivecomputations/dolphin-2.9.1-llama-3-70b,https://huggingface.co/cognitivecomputations/dolphin-2.9.1-llama-3-70b,45.72,7.272727273,5.753423516,49.2,42.3,57.1,45.4,34.7,0.266,0.358,0.25,7.98,9.05,1.73,0.000,2.20,NA,0.00,0
2/6/2024,,70,70.0,70.0,NeverSleep/MiquMaid-v2-70B-DPO,https://huggingface.co/NeverSleep/MiquMaid-v2-70B-DPO,45.30,5.454545455,4.68655171,50.8,43.7,53.0,37.0,42.0,0.101,0.361,0.10,11.41,9.87,1.62,0.608,1.53,0.46,1.97,0
6/12/2024,,70,70.0,70.0,mradermacher/bizblend-70b-fresh,https://huggingface.co/mradermacher/bizblend-70b-fresh-GGUF,45.24,8.181818182,5.361936398,48.3,20.7,50.0,31.2,76.0,0.150,0.332,0.00,7.93,7.25,2.14,0.000,NA,NA,NA,0
1/31/2024,,70,70.0,70.0,Doctor-Shotgun/limarp-miqu-1-70b-qlora,https://huggingface.co/Doctor-Shotgun/limarp-miqu-1-70b-qlora,45.20,5.454545455,4.417443568,57.5,50.6,44.8,45.4,27.7,0.227,0.284,0.30,8.21,7.68,1.66,0.140,2.07,-0.03,1.45,0
5/8/2024,,70,70.0,70.0,turboderp/Cat-Llama-3-70B-instruct,https://huggingface.co/turboderp/Cat-Llama-3-70B-instruct,45.17,7.272727273,5.697739706,48.3,22.5,44.1,48.3,62.7,0.322,0.248,0.40,7.56,8.13,1.90,0.052,2.33,-0.22,0.89,0
6/22/2024,,70,70.0,70.0,sophosympatheia/New-Dawn-Llama-3-70B-32K-v1.0,https://huggingface.co/sophosympatheia/New-Dawn-Llama-3-70B-32K-v1.0,45.12,4.545454545,5.072999123,70.0,57.0,28.9,41.0,28.7,0.268,0.391,0.30,6.24,7.24,1.62,0.163,2.53,0.20,1.60,0
5/2/2024,,70,70.0,70.0,NeverSleep/Llama-3-Lumimaid-70B-v0.1,https://huggingface.co/NeverSleep/Llama-3-Lumimaid-70B-v0.1,45.09,5.454545455,5.249008388,75.8,38.6,34.8,41.5,34.7,0.107,0.321,0.00,8.44,6.91,2.00,0.026,2.67,-0.34,1.05,0
6/6/2024,,70,70.0,70.0,fne/Jais-70b,https://huggingface.co/fne/Jais-70b,44.98,4.545454545,6.12799754,69.2,43.1,28.4,49.6,34.7,0.159,0.317,0.15,9.44,8.48,1.75,0.000,NA,NA,NA,0
9/24/2024,9/28/2024,,NA,NA,Gemini 1.5 Pro 002,,44.89,4.545454545,5.489030352,73.3,42.3,28.4,39.8,40.7,0.692,0.617,0.60,5.23,8.76,1.95,0.143,2.07,0.07,0.81,0
2/6/2024,,70,70.0,70.0,ShinojiResearch/Senku-70B-Full,https://huggingface.co/ShinojiResearch/Senku-70B-Full,44.79,5.454545455,4.09786796,59.2,49.0,50.7,44.1,21.0,0.235,0.350,0.25,7.88,7.12,1.56,0.373,1.73,0.27,1.24,0
5/2/2024,,70,70.0,70.0,NeverSleep/Llama-3-Lumimaid-70B-v0.1-alt,https://huggingface.co/NeverSleep/Llama-3-Lumimaid-70B-v0.1-alt,44.76,6.727272727,5.458291376,55.0,32.5,44.2,52.4,39.7,0.131,0.327,0.05,6.27,7.41,1.92,0.026,2.87,-0.19,0.83,0
4/25/2024,,70,70.0,70.0,maywell/miqu-evil-dpo,https://huggingface.co/maywell/miqu-evil-dpo,44.69,7.272727273,4.006470288,65.0,36.0,56.8,38.6,27.0,0.126,0.366,0.05,7.70,6.56,1.83,0.671,1.40,0.47,1.89,0
5/6/2024,,70,70.0,70.0,migtissera/Tess-2.0-Llama-3-70B-v0.2,https://huggingface.co/migtissera/Tess-2.0-Llama-3-70B-v0.2,44.63,5.454545455,6.420090182,62.1,43.8,54.2,28.5,34.7,0.294,0.356,0.35,7.86,8.02,1.44,0.024,3.33,-0.03,3.06,0
2/15/2024,,8x7B,12.9,46.7,rhplus0831/maid-yuzu-v8,https://huggingface.co/rhplus0831/maid-yuzu-v8,44.48,6.363636364,5.39162471,45.8,51.5,36.3,47.4,41.3,0.232,0.354,0.30,7.67,8.69,1.55,0.052,2.07,-0.26,0.70,0
10/1/2024,10/5/2024,72,72.0,72.0,zetasepic/Qwen2.5-72B-Instruct-abliterated,https://huggingface.co/zetasepic/Qwen2.5-72B-Instruct-abliterated,44.34,7.272727273,4.367199799,69.2,23.7,44.4,59.4,25.0,0.246,0.320,0.10,5.16,6.83,1.68,0.178,1.80,-0.05,1.06,0
4/17/2024,,8x22B,39.0,141.0,mistralai/Mixtral-8x22B-v0.1,https://huggingface.co/mistralai/Mixtral-8x22B-v0.1,44.29,9.090909091,3.90808069,70.0,38.4,44.1,32.0,37.0,0.127,0.231,0.15,10.48,7.79,1.81,0.020,2.73,-0.40,1.09,1
9/2/2024,9/2/2024,32,32.0,32.0,TheDrummer/Star-Command-R-32B-v1,https://huggingface.co/TheDrummer/Star-Command-R-32B-v1,44.05,8.181818182,4.063560137,56.7,16.9,38.3,41.5,67.0,0.201,0.221,0.20,8.14,8.47,1.21,0.020,3.07,-0.29,1.30,0
7/31/2024,8/6/2024,12,12.0,12.0,nothingiisreal/MN-12B-Celeste-V1.9,https://huggingface.co/nothingiisreal/MN-12B-Celeste-V1.9,43.92,7.454545455,3.447413789,59.2,19.8,37.6,42.7,60.3,0.091,0.218,0.05,7.01,6.49,1.84,0.110,2.13,-0.08,1.09,0
8/30/2024,9/1/2024,104,104.0,104.0,CohereForAI/c4ai-command-r-plus-08-2024,https://huggingface.co/CohereForAI/c4ai-command-r-plus-08-2024,43.79,8.181818182,5.055147339,56.7,28.0,32.6,62.9,38.8,0.076,0.245,0.05,8.96,10.93,1.11,0.080,2.20,0.00,0.61,1
6/28/2024,,70,70.0,70.0,Envoid/Llama-3-TenyxChat-DaybreakStorywriter-70B,https://huggingface.co/Envoid/Llama-3-TenyxChat-DaybreakStorywriter-70B,43.78,3.636363636,6.482341722,45.0,52.0,38.3,49.0,34.7,0.068,0.321,0.05,7.23,9.01,1.58,0.138,2.47,0.16,1.09,0
5/26/2024,,70,70.0,70.0,migtissera/Llama-3-70B-Synthia-v3.5,https://huggingface.co/migtissera/Llama-3-70B-Synthia-v3.5,43.53,5.454545455,4.611601235,62.5,42.2,47.1,31.1,34.7,0.128,0.311,0.10,10.59,9.99,1.30,0.000,NA,NA,NA,0
2/14/2024,,70,70.0,70.0,alicecomfy/miqu-openhermes-full,https://huggingface.co/alicecomfy/miqu-openhermes-full,43.40,6.363636364,3.761888012,49.2,47.5,48.0,34.7,37.7,0.108,0.328,0.10,9.84,8.19,1.80,0.550,1.53,0.40,1.85,0
7/16/2024,7/29/2024,70,70.0,70.0,meta-llama/Meta-Llama-3.1-70B,https://huggingface.co/meta-llama/Meta-Llama-3.1-70B,43.26,7.272727273,5.398845213,48.3,39.0,43.6,42.4,43.0,0.041,0.258,0.00,7.72,6.74,1.22,0.000,NA,NA,NA,1
4/3/2024,,104,104.0,104.0,CohereForAI/c4ai-command-r-plus,https://huggingface.co/CohereForAI/c4ai-command-r-plus,43.25,8.181818182,5.009956324,51.7,36.4,44.1,30.5,53.7,0.167,0.303,0.15,8.11,9.75,1.56,0.163,2.20,0.09,2.38,1
8/15/2024,8/16/2024,70,70.0,70.0,NousResearch/Hermes-3-Llama-3.1-70B,https://huggingface.co/NousResearch/Hermes-3-Llama-3.1-70B,43.22,6.818181818,5.685858468,48.3,43.6,56.6,38.8,28.7,0.298,0.335,0.35,6.42,9.24,1.39,0.123,2.33,0.02,1.31,0
8/1/2024,8/6/2024,12,12.0,12.0,aetherwiing/MN-12B-Starcannon-v2,https://huggingface.co/mradermacher/MN-12B-Starcannon-v2-GGUF,43.05,7.272727273,3.295269731,48.3,21.2,33.3,52.1,60.3,0.271,0.354,0.20,5.11,7.42,1.44,0.196,2.27,0.20,1.31,0
9/27/2024,9/30/2024,22,22.0,22.0,TheDrummer/Cydonia-22B-v1.1,https://huggingface.co/TheDrummer/Cydonia-22B-v1.1,42.82,7.272727273,4.476323459,74.2,25.3,54.2,37.7,22.7,0.109,0.213,0.05,8.82,7.70,1.86,0.025,2.07,-0.42,0.54,0
4/15/2024,,8x22B,39.0,141.0,microsoft/WizardLM-2-8x22B,https://huggingface.co/MaziyarPanahi/WizardLM-2-8x22B-GGUF,42.61,2.727272727,6.777369561,55.8,39.9,35.3,40.7,41.3,0.523,0.448,0.60,5.59,7.55,1.64,0.019,2.20,-0.49,0.62,0
2/21/2024,,103,103.0,103.0,MarsupialAI/Melusine_103b,https://huggingface.co/MarsupialAI/Melusine_103b,42.59,8.181818182,2.646563395,51.7,21.5,44.8,44.0,51.0,0.135,0.221,0.10,8.05,6.72,1.79,0.139,2.07,-0.03,1.30,0
10/3/2024,11/6/2024,72,72.0,72.0,gghfez/Magnum-v1-72b-Qwen2.5,https://huggingface.co/gghfez/Magnum-v1-72b-Qwen2.5,42.56,5.454545455,5.586756849,65.0,37.3,38.9,42.9,28.7,0.181,0.292,0.20,6.68,6.63,1.32,0.164,2.67,0.26,1.45,0
10/4/2024,10/5/2024,9,9.0,9.0,TheDrummer/Tiger-Gemma-9B-v3,https://huggingface.co/TheDrummer/Tiger-Gemma-9B-v3,42.48,10,2.604563944,66.7,15.0,45.0,57.8,28.0,0.162,0.201,0.10,7.69,9.77,1.65,0.056,2.53,-0.09,0.85,0
3/30/2024,,70,70.0,70.0,Undi95/Miqu-MS-70B,https://huggingface.co/Undi95/Miqu-MS-70B,42.41,2.727272727,4.544426619,47.5,59.0,32.6,38.6,34.3,0.164,0.329,0.15,8.08,7.49,1.67,0.167,2.07,0.05,1.28,0
7/18/2023,,70,70.0,70.0,meta-llama/Llama-2-70b,https://huggingface.co/meta-llama/Llama-2-70b,42.38,9.090909091,3.619115693,65.8,30.9,42.6,29.5,43.0,0.053,0.230,0.05,11.01,8.63,1.89,0.162,2.27,0.12,1.83,1
5/16/2024,,70,70.0,70.0,ddh0/MiquSuperdark-70B-v2,https://huggingface.co/ddh0/MiquSuperdark-70B-v2,42.10,5.454545455,4.972999123,46.7,37.3,44.6,45.9,36.0,0.239,0.261,0.30,8.09,8.12,1.50,0.132,2.00,-0.07,1.15,0
9/18/2024,9/28/2024,22,22.0,22.0,TheDrummer/Cydonia-22B-v1,https://huggingface.co/TheDrummer/Cydonia-22B-v1,42.08,7.272727273,3.809656793,70.0,21.8,36.8,28.1,53.7,0.219,0.245,0.25,5.28,6.69,1.57,0.104,1.87,-0.16,0.82,0
5/28/2024,,70,70.0,70.0,failspy/Meta-Llama-3-70B-Instruct-abliterated-v3.5,https://huggingface.co/failspy/Meta-Llama-3-70B-Instruct-abliterated-v3.5,41.87,5.909090909,5.019885044,57.5,45.5,45.3,32.4,28.7,0.112,0.296,0.05,6.87,9.15,1.81,0.000,NA,NA,NA,0
6/5/2024,,70,70.0,70.0,bosonai/Higgs-Llama-3-70B,https://huggingface.co/bosonai/Higgs-Llama-3-70B,41.79,1.818181818,5.044444444,55.8,61.9,33.7,28.8,28.7,0.345,0.518,0.20,6.77,9.36,1.50,0.157,2.73,0.26,1.53,0
8/14/2024,8/15/2024,12,12.0,12.0,TheDrummer/Rocinante-12B-v1,https://huggingface.co/TheDrummer/Rocinante-12B-v1,41.53,8.181818182,3.102969345,70.0,21.5,33.2,39.3,43.7,0.205,0.286,0.15,7.23,8.14,1.37,0.103,2.27,-0.04,1.12,0
9/13/2023,,70,70.0,70.0,jondurbin/spicyboros-70b-2.2,https://huggingface.co/jondurbin/spicyboros-70b-2.2,41.52,7.272727273,4.436302678,56.7,31.8,54.9,40.2,24.0,0.180,0.419,0.05,6.47,8.27,1.53,0.254,1.87,0.13,1.25,0
7/16/2024,7/24/2024,9,9.0,9.0,TheDrummer/Tiger-Gemma-9B-v2,https://huggingface.co/TheDrummer/Tiger-Gemma-9B-v2,41.08,8.545454545,2.213230061,65.0,20.0,42.4,47.8,30.2,0.231,0.306,0.10,6.38,7.99,1.65,0.097,2.40,0.01,1.00,0
7/12/2024,,9,9.0,9.0,TheDrummer/Tiger-Gemma-9B-v1,https://huggingface.co/TheDrummer/Tiger-Gemma-9B-v1,41.08,9.090909091,1.844585908,83.3,10.0,42.6,41.4,28.0,0.157,0.162,0.15,8.53,9.33,1.78,0.105,2.40,0.09,0.85,0
6/19/2024,9/10/2024,70,70.0,70.0,dreamgen/opus-v1.4-70b-llama3,https://huggingface.co/dreamgen/opus-v1.4-70b-llama3-gguf,41.01,5.272727273,4.975645738,61.7,40.5,32.0,33.9,37.0,0.206,0.299,0.30,10.05,6.36,2.42,0.311,1.93,0.28,2.07,0
7/14/2024,,27,27.0,27.0,TheDrummer/Big-Tiger-Gemma-27B-v1,https://huggingface.co/TheDrummer/Big-Tiger-Gemma-27B-v1,40.71,7.272727273,3.808641214,65.0,31.8,54.2,40.6,12.0,0.147,0.316,0.05,6.37,7.92,1.51,0.167,2.20,0.10,1.58,0
5/28/2024,,8x22B,39.0,141.0,cognitivecomputations/dolphin-2.9.2-mixtral-8x22b,https://huggingface.co/cognitivecomputations/dolphin-2.9.2-mixtral-8x22b,40.66,5.454545455,5.091007839,39.2,24.7,51.8,46.3,41.3,0.294,0.310,0.30,7.75,10.03,1.18,0.017,2.60,-0.42,0.81,0
7/16/2024,7/29/2024,70,70.0,70.0,meta-llama/Meta-Llama-3.1-70B-Instruct,https://huggingface.co/meta-llama/Meta-Llama-3.1-70B-Instruct,40.51,3.636363636,5.128603065,34.2,58.1,32.0,43.0,35.3,0.119,0.341,0.10,8.58,8.19,1.82,0.086,2.87,0.07,1.74,1
5/16/2024,,70,70.0,70.0,jukofyork/Dusk-Miqu-70B,https://huggingface.co/jukofyork/Dusk-Miqu-70B,40.45,2.727272727,5.211093286,46.7,41.4,27.4,40.4,46.3,0.258,0.379,0.25,8.39,9.35,1.38,0.104,2.20,-0.01,0.88,0
7/18/2024,7/24/2024,12,12.0,12.0,mistralai/Mistral-Nemo-Instruct-2407,https://huggingface.co/mistralai/Mistral-Nemo-Instruct-2407,40.40,9.090909091,2.886284737,53.3,12.1,33.9,49.1,53.7,0.199,0.251,0.15,5.50,6.89,2.09,0.130,2.20,0.00,1.22,1
9/13/2024,9/15/2024,12,12.0,12.0,Nohobby/MN-12B-Siskin-v0.1,https://huggingface.co/Nohobby/MN-12B-Siskin-v0.1,40.31,9.090909091,1.906810634,57.5,10.0,30.0,52.0,52.0,0.295,0.241,0.40,7.89,7.47,1.67,0.177,2.00,0.06,1.10,0
4/4/2024,,70,70.0,70.0,NeverSleep/MiquMaid-v3-70B,https://huggingface.co/NeverSleep/MiquMaid-v3-70B,40.23,4.090909091,4.030302913,55.7,41.8,31.4,37.9,34.3,0.225,0.282,0.25,7.47,6.99,1.61,0.121,2.00,0.03,0.68,0
5/20/2024,,70,70.0,70.0,failspy/Smaug-Llama-3-70B-Instruct-abliterated-v3,https://huggingface.co/failspy/Smaug-Llama-3-70B-Instruct-abliterated-v3,40.10,3.818181818,4.565511879,49.2,55.5,28.6,33.3,34.0,0.213,0.363,0.20,8.16,9.62,1.55,0.226,1.80,0.11,0.91,0
5/25/2024,,70,70.0,70.0,crestf411/L3-70B-daybreak-storywriter-v0.4,https://huggingface.co/crestf411/L3-70B-daybreak-storywriter-v0.4,40.10,2.727272727,6.35703008,36.7,52.0,30.0,47.2,34.7,0.212,0.376,0.25,5.18,5.94,1.72,0.206,2.33,0.23,1.41,0
6/14/2024,,70,70.0,70.0,NousResearch/Hermes-2-Theta-Llama-3-70B,https://huggingface.co/NousResearch/Hermes-2-Theta-Llama-3-70B,40.06,3.181818182,5.377777778,50.8,49.6,36.7,34.5,28.7,0.213,0.364,0.15,6.43,9.49,1.49,0.077,2.73,0.04,1.15,0
8/14/2024,8/15/2024,70,70.0,70.0,sophosympatheia/New-Dawn-Llama-3.1-70B-v1.1,https://huggingface.co/sophosympatheia/New-Dawn-Llama-3.1-70B-v1.1,40.00,2.727272727,5.966648841,36.7,54.0,47.6,39.0,22.7,0.149,0.406,0.10,6.52,7.32,1.62,0.512,1.47,0.36,0.96,0
8/12/2024,8/15/2024,12,12.0,12.0,nbeerbower/mistral-nemo-gutenberg-12B,https://huggingface.co/nbeerbower/mistral-nemo-gutenberg-12B,39.77,8.181818182,2.520767904,53.3,19.3,34.8,42.4,49.0,0.151,0.254,0.10,6.03,7.09,1.80,0.167,2.33,0.12,1.73,0
8/14/2024,8/18/2024,12,12.0,12.0,BeaverAI/Rocinante-12B-v1a,https://huggingface.co/BeaverAI/Rocinante-12B-v1a-GGUF,39.76,8.181818182,1.684588411,70.0,11.5,34.7,39.0,43.7,0.246,0.248,0.25,5.78,6.60,1.50,0.161,1.93,0.02,0.93,0
3/26/2024,,16x12B,36.0,132.0,databricks/dbrx-instruct,https://huggingface.co/databricks/dbrx-instruct,39.73,5.454545455,5.100490124,68.3,26.5,16.3,41.5,46.0,0.188,0.247,0.25,9.28,7.57,2.00,0.000,2.20,NA,0.00,1
2/8/2024,,8x7B,12.9,46.7,Envoid/Fish-8x7B,https://huggingface.co/Envoid/Fish-8x7B,39.63,7.272727273,3.36419677,55.4,35.0,21.1,28.6,58.0,0.073,0.285,0.00,10.27,7.79,2.00,0.019,2.53,-0.39,0.75,0
2/6/2024,,70,70.0,70.0,Undi95/Miqu-70B-Alpaca-DPO,https://huggingface.co/Undi95/Miqu-70B-Alpaca-DPO,39.45,2.727272727,4.901474524,47.5,41.3,31.4,42.7,34.3,0.224,0.254,0.30,6.87,7.35,1.74,0.121,2.00,0.03,0.68,0
2/4/2024,,70,70.0,70.0,alchemonaut/QuartetAnemoi-70B-t0.0001,https://huggingface.co/alchemonaut/QuartetAnemoi-70B-t0.0001,39.38,3.636363636,4.935452283,45.0,45.4,35.2,43.7,27.7,0.203,0.265,0.25,8.67,8.62,1.74,0.121,2.00,0.03,0.68,0
6/17/2024,,72,72.0,72.0,alpindale/magnum-72b-v1,https://huggingface.co/alpindale/magnum-72b-v1,39.36,4.545454545,5.111111111,48.3,40.3,38.9,40.6,28.7,0.440,0.392,0.55,7.13,7.59,1.41,0.164,2.67,0.26,1.45,0
9/1/2024,10/10/2024,12,12.0,12.0,Luni/StarDust-12b-v2,https://huggingface.co/Luni/StarDust-12b-v2,39.32,9.090909091,2.064329488,48.3,22.5,23.7,50.1,52.0,0.205,0.298,0.15,5.42,7.28,1.44,0.179,2.33,0.19,1.31,0
1/28/2024,,70,70.0,70.0,miqudev/miqu-1-70b,https://huggingface.co/miqudev/miqu-1-70b,39.21,3.636363636,4.541337915,36.7,42.9,41.4,40.8,34.3,0.184,0.264,0.20,9.13,8.76,1.61,0.121,2.00,0.03,0.68,1
9/20/2024,9/22/2024,32,32.0,32.0,AiCloser/Qwen2.5-32B-AGI,https://huggingface.co/AiCloser/Qwen2.5-32B-AGI,39.21,7.272727273,4.064483086,39.2,15.3,67.2,57.6,16.7,0.080,0.230,0.05,11.81,9.39,1.56,0.547,1.40,0.41,0.88,0
8/4/2024,8/13/2024,70,70.0,70.0,migtissera/Tess-3-Llama-3.1-70B,https://huggingface.co/migtissera/Tess-3-Llama-3.1-70B,39.18,3.636363636,5.352525135,52.5,44.0,34.2,24.6,40.7,0.092,0.301,0.10,11.84,9.12,1.43,0.000,NA,NA,NA,0
5/11/2024,,70,70.0,70.0,crestf411/llama-3-daybreak-v0.2-70b-hf,https://huggingface.co/mradermacher/llama-3-daybreak-v0.2-70b-hf-GGUF,39.16,2.727272727,5.377777778,45.8,47.0,41.1,27.2,34.7,0.180,0.344,0.20,7.56,7.72,1.82,0.252,1.73,0.11,1.00,0
11/15/2023,,34,34.0,34.0,bhenrym14/platypus-yi-34b,https://huggingface.co/bhenrym14/platypus-yi-34b,39.04,8.409090909,1.897395849,59.2,29.8,30.1,30.8,45.3,0.156,0.266,0.10,9.87,8.22,1.53,0.062,2.47,-0.03,0.72,0
8/22/2024,8/23/2024,12,12.0,12.0,nbeerbower/mistral-nemo-gutenberg-12B-v4,https://huggingface.co/nbeerbower/mistral-nemo-gutenberg-12B-v4,39.02,8.181818182,3.658524901,45.0,22.1,32.4,43.6,52.0,0.290,0.390,0.10,6.38,7.75,1.64,0.072,2.60,-0.04,1.12,0
12/3/2024,12/6/2024,100,100.0,100.0,TheDrummer/Endurance-100B-v1,https://huggingface.co/TheDrummer/Endurance-100B-v1,38.96,6.363636364,2.906810634,44.2,15.4,58.6,42.2,34.3,0.375,0.302,0.35,5.91,7.45,1.29,0.060,2.67,-0.13,1.61,0
12/6/2024,12/7/2024,70,70.0,70.0,meta-llama/Llama-3.3-70B-Instruct,https://huggingface.co/meta-llama/Llama-3.3-70B-Instruct,38.89,1.818181818,6.332178546,29.2,48.1,39.9,33.6,43.7,0.271,0.451,0.15,9.64,9.89,1.48,0.203,1.93,0.24,0.62,1
9/7/2024,9/8/2024,9,9.0,9.0,anthracite-org/magnum-v3-9b-chatml,https://huggingface.co/anthracite-org/magnum-v3-9b-chatml,38.77,8.181818182,1.550914733,65.0,10.3,39.8,44.1,34.7,0.113,0.189,0.00,7.42,6.39,1.61,0.080,2.60,-0.01,1.20,0
3/30/2024,,34,34.0,34.0,ParasiticRogue/Merged-RP-Stew-V2-34B,https://huggingface.co/ParasiticRogue/Merged-RP-Stew-V2-34B,38.70,7.272727273,2.064329488,49.2,30.5,30.0,38.5,45.3,0.116,0.251,0.05,9.80,9.39,1.51,0.032,2.40,-0.21,0.57,0
7/15/2024,,34,34.0,34.0,ParasiticRogue/RP-Stew-v4.0-34B,https://huggingface.co/ParasiticRogue/RP-Stew-v4.0-34B,38.69,8.181818182,2.854101237,51.7,26.2,34.2,39.0,42.3,0.141,0.242,0.05,10.14,9.86,1.68,0.000,2.20,NA,0.00,0
9/7/2024,9/7/2024,70,70.0,70.0,ArliAI/Llama-3.1-70B-ArliAI-RPMax-v1.1,https://huggingface.co/ArliAI/Llama-3.1-70B-ArliAI-RPMax-v1.1,38.62,7.454545455,4.990363413,50.8,16.0,35.0,65.6,25.7,0.222,0.271,0.15,5.94,8.09,1.38,0.098,2.80,0.10,1.45,0
7/2/2024,9/14/2024,70,70.0,70.0,invisietch/Nimbus-Miqu-v0.1-70B,https://huggingface.co/invisietch/Nimbus-Miqu-v0.1-70B,38.47,5.454545455,3.773047509,45.0,42.6,31.1,40.0,33.7,0.144,0.309,0.10,9.12,7.55,1.68,0.076,2.07,-0.12,0.70,0
5/23/2024,,70,70.0,70.0,crestf411/llama-3-daybreak-v0.3-70b-hf,https://huggingface.co/mradermacher/llama-3-daybreak-v0.3-70b-hf-i1-GGUF,38.35,3.636363636,4.996893471,36.7,47.0,28.0,44.8,35.3,0.134,0.319,0.10,6.29,7.65,1.71,0.127,2.07,-0.06,1.11,0
7/30/2024,7/31/2024,12,12.0,12.0,MarinaraSpaghetti/Nemomix-v4.0-12B,https://huggingface.co/MarinaraSpaghetti/Nemomix-v4.0-12B,38.27,8.181818182,2.620767904,53.3,16.3,32.1,44.2,45.3,0.221,0.301,0.15,6.35,6.46,1.63,0.117,2.47,0.08,1.25,0
9/13/2024,9/15/2024,12,12.0,12.0,Nohobby/MN-12B-Siskin-v0.2,https://huggingface.co/Nohobby/MN-12B-Siskin-v0.2,37.78,9.090909091,1.920767904,40.0,10.1,31.9,54.9,52.0,0.213,0.281,0.10,6.72,7.45,1.59,0.107,2.33,0.15,0.63,0
8/4/2024,9/2/2024,9,9.0,9.0,tannedbum/Ellaria-9B,https://huggingface.co/tannedbum/Ellaria-9B,37.77,8.181818182,1.732178546,78.3,10.0,43.4,54.2,3.0,0.259,0.269,0.15,7.06,8.37,1.46,0.135,2.07,0.00,0.98,0
4/11/2024,,8x22B,39.0,141.0,lightblue/Karasu-Mixtral-8x22B-v0.1,https://huggingface.co/lightblue/Karasu-Mixtral-8x22B-v0.1,37.69,4.545454545,4.646563395,50.0,28.0,29.1,44.4,37.0,0.346,0.255,0.50,7.49,10.44,1.34,0.026,2.60,-0.37,1.09,0
1/31/2024,,8x7B,12.9,46.7,Envoid/BondBurger-8x7B,https://huggingface.co/Envoid/BondBurger-8x7B,37.62,4.545454545,5.011252574,26.7,45.0,26.5,40.3,49.7,0.078,0.301,0.05,8.79,7.30,2.05,0.036,2.33,-0.33,0.88,0
4/9/2024,,,NA,NA,gpt-4-turbo-2024-04-09,,37.60,0.909090909,6.944444444,0.0,66.2,52.0,23.1,46.7,0.503,0.770,0.30,7.03,10.46,1.61,0.401,1.73,0.33,1.06,0
7/19/2024,7/24/2024,72,72.0,72.0,turboderp/turbcat-instruct-72b,https://huggingface.co/turboderp/turbcat-instruct-72b,37.56,3.636363636,4.795699522,53.3,45.6,32.4,27.8,28.7,0.189,0.313,0.20,9.72,9.25,1.43,0.048,2.93,-0.07,1.31,0
5/21/2024,,70,70.0,70.0,ryzen88/Llama-3-70b-Arimas-story-RP-V1,https://huggingface.co/ryzen88/Llama-3-70b-Arimas-story-RP-V1,37.50,4.545454545,4.222204397,48.3,55.0,29.4,39.7,15.0,0.117,0.383,0.00,6.62,7.75,1.67,0.182,2.07,0.08,1.34,0
8/7/2024,8/11/2024,12,12.0,12.0,MarinaraSpaghetti/NemoRemix-12B,https://huggingface.co/MarinaraSpaghetti/NemoRemix-12B,37.40,8.181818182,2.354101237,35.0,16.5,31.9,38.3,65.3,0.122,0.237,0.05,9.33,7.60,1.49,0.109,2.47,0.04,1.31,0
9/3/2024,9/3/2024,12,12.0,12.0,TheDrummer/UnslopNemo-v1,https://huggingface.co/TheDrummer/UnslopNemo-v1-GGUF,37.39,9.090909091,2.05604568,56.7,1.4,36.9,43.0,49.0,0.099,0.153,0.05,7.04,7.06,1.53,0.250,2.20,0.23,1.67,0
5/7/2024,,70,70.0,70.0,nvidia/Llama3-ChatQA-1.5-70B,https://huggingface.co/nvidia/Llama3-ChatQA-1.5-70B,37.33,2.727272727,4.219618071,42.5,56.5,14.8,31.5,41.3,0.159,0.364,0.15,8.90,7.89,1.54,0.000,NA,NA,NA,0
4/17/2024,,8x22B,39.0,141.0,mistralai/Mixtral-8x22B-Instruct-v0.1,https://huggingface.co/mistralai/Mixtral-8x22B-Instruct-v0.1,37.33,3.636363636,6.350219762,35.8,33.6,20.4,59.9,37.0,0.317,0.370,0.25,6.12,8.21,1.41,0.022,2.53,-0.43,0.98,1
3/4/2024,,72,72.0,72.0,abacusai/Liberated-Qwen1.5-72B,https://huggingface.co/abacusai/Liberated-Qwen1.5-72B,37.03,8.636363636,2.554101237,38.3,21.4,37.9,35.5,52.0,0.029,0.170,0.00,12.15,7.79,1.33,0.160,2.07,0.36,0.37,0
8/25/2024,8/27/2024,12,12.0,12.0,Darkknight535/OpenCrystal-12B-L3,https://huggingface.co/Darkknight535/OpenCrystal-12B-L3,37.02,9.090909091,1.241974547,56.7,7.5,27.0,49.5,44.3,0.271,0.168,0.35,8.63,9.95,1.45,0.056,2.80,0.06,0.77,0
3/25/2024,,8x7B,12.9,46.7,NeverSleep/NoromaidxOpenGPT4-2,https://huggingface.co/NeverSleep/NoromaidxOpenGPT4-2,36.93,6.363636364,2.994631035,62.5,30.3,22.3,36.6,33.0,0.109,0.236,0.15,6.69,9.47,1.07,0.066,2.33,-0.02,0.62,0
1/4/2024,,8x7B,12.9,46.7,Doctor-Shotgun/Mixtral-8x7B-Instruct-v0.1-LimaRP-ZLoss,https://huggingface.co/Doctor-Shotgun/Mixtral-8x7B-Instruct-v0.1-LimaRP-ZLoss,36.92,4.545454545,4.119885044,44.2,44.0,27.1,28.0,41.3,0.177,0.325,0.20,8.91,9.00,1.52,0.060,2.73,0.01,0.88,0
8/7/2024,8/11/2024,123,123.0,123.0,migtissera/Tess-3-Mistral-Large-2-123B,https://huggingface.co/migtissera/Tess-3-Mistral-Large-2-123B,36.88,5.454545455,3.651037382,66.7,37.8,11.8,47.8,20.3,0.095,0.247,0.10,11.16,9.81,1.93,0.079,2.27,0.00,0.65,0
8/1/2024,8/6/2024,12,12.0,12.0,Sao10K/MN-12B-Lyra-v1,https://huggingface.co/Sao10K/MN-12B-Lyra-v1,36.83,6.363636364,3.242990126,52.5,17.2,39.9,45.9,28.7,0.263,0.364,0.15,6.69,8.40,1.37,0.229,2.00,0.16,1.12,0
5/10/2024,,70,70.0,70.0,ryzen88/Llama-3-70b-Uncensored-Lumi-Tess-gradient,https://huggingface.co/ryzen88/Llama-3-70b-Uncensored-Lumi-Tess-gradient,36.76,4.545454545,4.777369561,53.3,42.0,29.8,36.0,22.7,0.130,0.264,0.05,5.79,6.51,1.63,0.026,2.20,-0.22,0.34,0
8/15/2024,8/15/2024,12,12.0,12.0,TheDrummer/Rocinante-12B-v1.1,https://huggingface.co/TheDrummer/Rocinante-12B-v1.1,36.71,7.272727273,2.669636012,61.7,15.4,33.9,28.9,43.7,0.248,0.261,0.25,7.68,9.86,1.29,0.131,2.20,0.03,1.11,0
9/29/2024,10/13/2024,12,12.0,12.0,Sao10K/MN-BackyardAI-Party-12B-v1,https://huggingface.co/Sao10K/MN-BackyardAI-Party-12B-v1,36.57,9.090909091,2.629032856,43.3,3.2,33.5,52.1,50.7,0.121,0.186,0.05,7.54,8.09,1.75,0.117,2.40,0.02,1.40,0
4/25/2024,,70,70.0,70.0,NotAiLOL/Knight-Miqu-70B,https://huggingface.co/mradermacher/Knight-Miqu-70B-MoE-i1-GGUF,36.51,4.545454545,3.673136955,58.3,37.4,29.4,36.4,21.0,0.195,0.180,0.30,11.77,10.13,1.32,0.039,2.13,-0.16,0.40,0
9/8/2024,9/8/2024,12,12.0,12.0,rityak/MN-HaremUnion-12B,https://huggingface.co/rityak/MN-HaremUnion-12B,36.48,9.090909091,2.330729182,43.3,11.5,21.8,53.8,52.0,0.191,0.271,0.10,6.83,7.17,1.72,0.047,2.67,-0.19,1.40,0
7/29/2024,8/1/2024,21,21.0,21.0,BeaverAI/NeMoist-21B-v1a,https://huggingface.co/BeaverAI/NeMoist-21B-v1a,36.29,10,2.406810634,45.0,0.6,52.0,47.6,36.3,0.108,0.126,0.05,6.04,7.48,2.00,0.079,2.47,-0.08,1.31,0
8/20/2024,8/20/2024,9,9.0,9.0,jsgreenawalt/gemma-2-9B-it-advanced-v2.1,https://huggingface.co/jsgreenawalt/gemma-2-9B-it-advanced-v2.1,36.27,7.090909091,2.139075479,83.3,18.0,41.1,36.0,3.0,0.018,0.122,0.00,9.55,12.75,1.52,0.092,2.20,0.02,0.68,0
9/21/2023,,13,13.0,13.0,Undi95/ReMM-v2.2-L2-13B,https://huggingface.co/Undi95/ReMM-v2.2-L2-13B,36.23,9.090909091,0.884248066,54.2,10.4,29.2,52.7,34.7,0.128,0.183,0.05,7.53,8.24,1.54,0.000,NA,NA,NA,0
4/18/2024,,70,70.0,70.0,meta-llama/Meta-Llama-3-70B-Instruct,https://huggingface.co/meta-llama/Meta-Llama-3-70B-Instruct,36.15,1.818181818,5.622363685,31.7,58.2,36.4,25.8,28.7,0.241,0.360,0.30,6.63,8.58,1.57,0.062,2.53,-0.07,0.91,1
5/28/2024,,72,72.0,72.0,Qwen/Qwen2-72B-Instruct,https://huggingface.co/Qwen/Qwen2-72B-Instruct,36.10,1.818181818,4.544444444,31.7,49.6,34.1,32.8,32.3,0.169,0.400,0.05,9.31,9.12,1.62,0.030,3.07,-0.20,1.44,1
6/24/2024,7/24/2024,14,14.0,14.0,yukiarimo/yuna-ai-v3-atomic,https://huggingface.co/yukiarimo/yuna-ai-v3-atomic,36.05,9.090909091,1.389379013,53.3,5.0,40.0,38.9,43.0,0.022,0.085,0.00,14.22,7.28,1.92,0.000,NA,NA,NA,1
9/12/2024,9/13/2024,9,9.0,9.0,inflatebot/G2-9B-Blackout-R1,https://huggingface.co/inflatebot/G2-9B-Blackout-R1,35.99,9.090909091,1.448845213,46.7,20.8,27.0,50.9,34.7,0.127,0.210,0.05,7.28,8.02,1.49,0.056,2.53,-0.06,0.77,0
4/28/2024,,70,70.0,70.0,MaziyarPanahi/Llama-3-70B-Instruct-DPO-v0.4,https://huggingface.co/MaziyarPanahi/Llama-3-70B-Instruct-DPO-v0.4,35.96,1.818181818,5.295269731,36.7,58.1,41.6,17.7,25.7,0.088,0.312,0.10,6.84,11.60,1.58,0.272,1.73,0.15,0.96,0
8/31/2024,9/4/2024,12,12.0,12.0,ArliAI/ArliAI-RPMax-12B-v1.1,https://huggingface.co/ArliAI/ArliAI-RPMax-12B-v1.1,35.87,8.181818182,2.142990126,32.5,15.6,29.0,41.9,60.3,0.239,0.337,0.10,5.57,6.16,1.66,0.193,2.07,0.14,1.06,0
8/21/2024,8/23/2024,12,12.0,12.0,MarinaraSpaghetti/NemoMix-Unleashed-12B,https://huggingface.co/MarinaraSpaghetti/NemoMix-Unleashed-12B,35.82,8.181818182,2.6734773,47.5,7.4,33.5,38.7,52.0,0.161,0.219,0.10,5.65,7.88,1.45,0.117,2.47,0.08,1.25,0
5/21/2024,,8x7B,12.9,46.7,cognitivecomputations/dolphin-2.5-mixtral-8x7b,https://huggingface.co/cognitivecomputations/dolphin-2.5-mixtral-8x7b,35.80,6.363636364,2.55604568,44.2,20.0,49.0,38.9,27.0,0.172,0.291,0.10,7.97,7.77,1.39,0.215,1.87,0.34,0.44,0
8/21/2024,8/24/2024,12,12.0,12.0,elinas/Chronos-Gold-12B-1.0,https://huggingface.co/elinas/Chronos-Gold-12B-1.0,35.79,9.090909091,2.153218377,38.3,6.0,22.1,58.9,53.7,0.299,0.367,0.10,6.23,8.25,1.21,0.117,2.47,0.08,1.25,0
4/24/2024,,34,34.0,34.0,MarinaraSpaghetti/RP-Stew-v2.5-34B,https://huggingface.co/MarinaraSpaghetti/RP-Stew-v2.5-34B,35.63,7.272727273,2.909656793,35.8,20.4,29.6,38.7,53.7,0.257,0.231,0.30,8.12,9.29,1.29,0.015,2.93,-0.37,0.95,0
9/6/2024,9/6/2024,70,70.0,70.0,mattshumer/Reflection-Llama-3.1-70B,https://huggingface.co/mattshumer/Reflection-Llama-3.1-70B,35.55,2.727272727,5.215675055,26.7,60.5,26.5,38.5,25.7,0.156,0.371,0.05,5.68,9.26,1.49,0.065,2.73,-0.04,1.19,0
7/29/2024,8/1/2024,21,21.0,21.0,BeaverAI/NeMoist-21B-v0.5,https://huggingface.co/BeaverAI/NeMoist-21B-v0.5,35.55,8.181818182,1.891858234,45.0,15.8,32.7,38.2,46.0,0.154,0.210,0.10,7.58,6.16,1.94,0.083,2.67,-0.01,1.58,0
8/15/2024,8/15/2024,12,12.0,12.0,anthracite-org/magnum-12b-v2.5-kto,https://huggingface.co/anthracite-org/magnum-12b-v2.5-kto,35.51,8.181818182,2.164329488,38.3,10.2,17.7,59.3,52.0,0.335,0.306,0.35,6.11,7.73,1.72,0.117,2.47,0.08,1.25,0
7/26/2024,9/14/2024,12,12.0,12.0,invisietch/Atlantis-v0.1-12B,https://huggingface.co/invisietch/Atlantis-v0.1-12B,35.48,8.181818182,1.891858234,61.7,5.6,35.8,47.3,27.0,0.158,0.171,0.15,8.56,7.42,1.87,0.032,2.40,-0.21,0.57,0
3/10/2024,,70,70.0,70.0,abideen/Liberated-Miqu-70B,https://huggingface.co/abideen/Liberated-Miqu-70B,35.41,4.545454545,4.264329488,37.5,56.9,40.4,27.9,14.3,0.176,0.331,0.20,9.23,8.29,1.56,0.190,1.87,0.07,0.89,0
8/7/2024,8/13/2024,70,70.0,70.0,nothingiisreal/L3.1-70B-Celeste-V0.1-BF16,https://huggingface.co/nothingiisreal/L3.1-70B-Celeste-V0.1-BF16,35.39,3.636363636,3.944444444,37.5,55.5,24.8,36.5,22.7,0.062,0.262,0.00,8.63,5.71,1.99,0.000,NA,NA,NA,0
8/12/2024,9/15/2024,12,12.0,12.0,nbeerbower/mistral-nemo-wissenschaft-12B,https://huggingface.co/nbeerbower/mistral-nemo-wissenschaft-12B,35.17,8.181818182,2.269636012,53.3,22.1,33.8,38.6,28.0,0.215,0.237,0.20,5.01,5.34,1.92,0.129,2.40,0.09,1.26,0
8/23/2024,8/24/2024,12,12.0,12.0,nbeerbower/Lyra-Gutenberg-mistral-nemo-12B,https://huggingface.co/nbeerbower/Lyra-Gutenberg-mistral-nemo-12B,35.15,8.181818182,1.340143967,52.5,7.0,19.0,45.3,52.0,0.352,0.305,0.35,6.03,7.70,1.57,0.133,2.13,-0.01,1.12,0
6/19/2024,,8,8.0,8.0,invisietch/EtherealRainbow-v0.3-8B,https://huggingface.co/invisietch/EtherealRainbow-v0.3-8B,35.10,7.272727273,2.06680813,38.3,18.3,30.1,33.0,55.7,0.222,0.225,0.20,8.19,7.98,1.42,0.094,2.60,0.12,0.88,0
7/28/2024,7/30/2024,27,27.0,27.0,TheDrummer/Gemmasutra-Pro-27B-v1,https://huggingface.co/TheDrummer/Gemmasutra-Pro-27B-v1,35.08,5.454545455,2.739714176,52.5,31.9,30.8,45.8,14.3,0.364,0.308,0.45,5.86,6.65,1.70,0.066,2.47,-0.17,1.61,0
8/6/2024,8/8/2024,21,21.0,21.0,TheDrummer/Theia-21B-v1,https://huggingface.co/TheDrummer/Theia-21B-v1,35.03,9.090909091,1.05604568,45.0,15.9,22.4,48.8,43.0,0.195,0.211,0.15,4.75,6.33,1.60,0.072,2.40,-0.15,1.31,0
7/21/2024,9/6/2024,9,9.0,9.0,IlyaGusev/gemma-2-9b-it-abliterated,https://huggingface.co/IlyaGusev/gemma-2-9b-it-abliterated,34.92,6.363636364,1.641974547,65.8,30.0,34.7,41.1,3.0,0.160,0.270,0.05,7.11,9.95,1.86,0.036,2.60,-0.19,0.81,0
6/9/2024,,8,8.0,8.0,bluuwhale/L3-SthenoMaid-8B-V1,https://huggingface.co/bluuwhale/L3-SthenoMaid-8B-V1,34.83,9.090909091,1.240143967,43.3,28.3,31.3,37.8,33.3,0.141,0.183,0.10,8.15,8.06,1.87,0.051,2.73,-0.01,0.79,0
8/23/2024,8/24/2024,12,12.0,12.0,nbeerbower/Gutensuppe-mistral-nemo-12B,https://huggingface.co/nbeerbower/Gutensuppe-mistral-nemo-12B,34.82,8.181818182,2.6734773,35.0,6.5,44.0,42.5,46.0,0.158,0.211,0.10,6.73,6.70,1.60,0.137,2.40,0.11,1.26,0
8/14/2024,8/15/2024,12,12.0,12.0,MarinaraSpaghetti/NemoReRemix-12B,https://huggingface.co/MarinaraSpaghetti/NemoReRemix-12B,34.74,9.090909091,1.706470288,35.0,13.8,20.1,52.8,52.0,0.155,0.232,0.10,6.48,7.87,1.73,0.035,2.93,-0.19,1.61,0
7/25/2024,7/29/2024,12,12.0,12.0,NeverSleep/Lumimaid-v0.2-12B,https://huggingface.co/NeverSleep/Lumimaid-v0.2-12B,34.70,5.909090909,3.128692511,56.7,19.5,41.5,26.9,28.9,0.108,0.226,0.05,7.07,7.62,1.66,0.117,2.33,0.05,1.09,0
3/1/2024,,70,70.0,70.0,crestf411/daybreak-miqu-1-70b-v1.0-hf,https://huggingface.co/crestf411/daybreak-miqu-1-70b-v1.0-hf,34.69,0.909090909,4.409956324,23.3,56.8,38.8,25.2,29.3,0.186,0.408,0.20,8.45,8.26,1.35,0.666,1.40,0.47,1.81,0
11/10/2024,11/26/2024,9,9.0,9.0,zelk12/MT-Gen2-gemma-2-9B,https://huggingface.co/zelk12/MT-Gen2-gemma-2-9B,34.62,5.636363636,1.786705308,70.0,20.0,35.9,44.2,3.0,0.343,0.385,0.15,5.72,9.44,1.72,0.127,1.87,-0.08,0.82,0
2/17/2024,,70,70.0,70.0,maywell/kiqu-70b,https://huggingface.co/maywell/kiqu-70b,34.38,3.636363636,3.754101237,40.0,49.9,34.6,33.1,14.3,0.118,0.252,0.10,7.64,7.44,1.97,0.104,2.27,-0.04,1.29,0
9/7/2024,9/8/2024,12,12.0,12.0,Sao10K/MN-12B-Lyra-v4,https://huggingface.co/Sao10K/MN-12B-Lyra-v4,34.37,8.181818182,1.891858234,30.0,26.5,32.0,37.4,46.0,0.258,0.211,0.35,7.71,7.17,1.41,0.114,2.40,0.03,1.26,0
5/9/2024,,70,70.0,70.0,ValiantLabs/Llama3-70B-Fireplace,https://huggingface.co/ValiantLabs/Llama3-70B-Fireplace,34.22,2.727272727,4.944444444,37.5,40.6,37.7,26.7,28.7,0.141,0.261,0.15,8.84,8.58,1.74,0.116,1.93,-0.12,0.93,0
2/7/2024,,34,34.0,34.0,brucethemoose/Yi-34B-200K-RPMerge,https://huggingface.co/brucethemoose/Yi-34B-200K-RPMerge,34.18,8.181818182,1.839803622,39.2,18.0,27.2,41.2,45.3,0.339,0.291,0.35,6.73,7.77,1.52,0.089,2.80,0.10,1.25,0
7/9/2024,8/8/2024,8,8.0,8.0,v000000/L3-8B-Stheno-v3.2-abliterated,https://huggingface.co/v000000/L3-8B-Stheno-v3.2-abliterated,34.16,9.090909091,0.475307881,35.0,26.0,45.9,38.9,25.0,0.229,0.268,0.30,6.59,8.10,1.80,0.635,1.47,0.49,1.48,0
1/14/2024,,34,34.0,34.0,brucethemoose/Yi-34B-200K-DARE-megamerge-v8,https://huggingface.co/brucethemoose/Yi-34B-200K-DARE-megamerge-v8,34.05,7.272727273,2.427964368,46.7,13.7,26.5,38.0,45.3,0.169,0.189,0.20,7.79,7.67,1.47,0.092,2.73,0.15,0.93,0
8/15/2024,8/16/2024,8,8.0,8.0,NousResearch/Hermes-3-Llama-3.1-8B,https://huggingface.co/NousResearch/Hermes-3-Llama-3.1-8B,34.05,9.090909091,1.351255078,44.2,30.0,17.2,47.9,31.0,0.117,0.244,0.05,6.48,8.90,1.65,0.061,2.67,-0.02,0.94,0
4/27/2024,9/15/2024,70,70.0,70.0,tenyx/Llama3-TenyxChat-70B,https://huggingface.co/tenyx/Llama3-TenyxChat-70B,34.03,0.909090909,5.128603065,41.7,48.1,32.2,19.5,28.7,0.207,0.348,0.20,6.82,8.84,1.48,0.096,2.40,0.11,0.70,0
6/11/2024,,70,70.0,70.0,abacusai/Smaug-Llama-3-70B-Instruct-32K,https://huggingface.co/abacusai/Smaug-Llama-3-70B-Instruct-32K,34.01,1.818181818,5.044444444,40.0,42.0,35.7,23.7,28.7,0.267,0.345,0.25,6.27,8.90,1.67,0.036,2.67,-0.25,1.09,0
4/8/2024,,11,11.0,11.0,ABX-AI/Silver-Sun-v2-11B,https://huggingface.co/ABX-AI/Silver-Sun-v2-11B,33.94,8.181818182,1.558524901,40.0,25.0,40.0,31.4,33.3,0.133,0.200,0.10,11.38,6.59,2.27,0.000,NA,NA,NA,0
5/5/2024,,70,70.0,70.0,jukofyork/Dark-Miqu-70B,https://huggingface.co/jukofyork/Dark-Miqu-70B,33.82,2.727272727,5.117704049,35.0,31.4,31.4,41.2,30.0,0.307,0.335,0.35,7.82,8.47,1.70,0.122,2.27,0.04,1.02,0
6/9/2024,,70,70.0,70.0,FiditeNemini/Llama3-FiditeNemini-70B,https://huggingface.co/FiditeNemini/Llama3-FiditeNemini-70B,33.68,1.818181818,5.277777778,31.7,55.5,30.5,16.1,34.7,0.179,0.341,0.25,7.18,8.25,1.56,0.226,1.80,0.11,0.91,0
8/11/2024,8/17/2024,12,12.0,12.0,concedo/Mini-Magnum-Unboxed-12B,https://huggingface.co/concedo/Mini-Magnum-Unboxed-12B,33.68,8.727272727,1.254101237,51.7,5.0,27.7,32.0,52.0,0.115,0.167,0.10,6.88,5.66,2.03,0.109,2.47,0.04,1.31,0
11/22/2024,11/27/2024,9,9.0,9.0,zelk12/MT4-Gen2-gemma-2-9B,https://huggingface.co/zelk12/MT4-Gen2-gemma-2-9B,33.66,5.454545455,2.120038642,61.7,20.0,30.5,53.1,3.0,0.392,0.405,0.20,5.75,8.90,1.89,0.103,1.93,-0.14,0.85,0
7/23/2024,8/5/2024,12,12.0,12.0,cognitivecomputations/dolphin-2.9.3-mistral-nemo-12b,https://huggingface.co/cognitivecomputations/dolphin-2.9.3-mistral-nemo-12b,33.62,7.272727273,2.462025844,38.3,24.5,24.9,32.7,47.7,0.278,0.257,0.35,7.63,9.04,1.60,0.084,2.47,-0.06,1.31,0
12/26/2023,,8x7B,12.9,46.7,NousResearch/Nous-Hermes-2-Mixtral-8x7B-SFT,https://huggingface.co/NousResearch/Nous-Hermes-2-Mixtral-8x7B-SFT,33.55,5.909090909,1.832178546,69.2,19.0,25.0,35.3,19.3,0.113,0.198,0.05,8.70,10.09,1.16,0.031,2.13,-0.41,0.71,0
7/31/2024,9/2/2024,8,8.0,8.0,tannedbum/L3-Rhaenys-8B,https://huggingface.co/tannedbum/L3-Rhaenys-8B,33.42,6.363636364,2.60211895,28.3,25.0,27.2,43.6,43.0,0.126,0.199,0.10,6.58,11.31,1.66,0.063,2.67,0.00,0.88,0
8/25/2024,8/26/2024,70,70.0,70.0,Sao10K/L3.1-70B-Euryale-v2.2,https://huggingface.co/Sao10K/L3.1-70B-Euryale-v2.2,33.41,2.727272727,5.358291376,47.5,21.0,26.0,37.9,34.7,0.244,0.263,0.30,6.31,7.51,1.73,0.046,2.80,-0.15,1.48,0
7/28/2024,7/30/2024,12,12.0,12.0,nothingiisreal/Celeste-12B-V1.6,https://huggingface.co/nothingiisreal/Celeste-12B-V1.6,33.39,7.272727273,2.039803622,45.0,15.8,34.8,25.3,46.0,0.043,0.126,0.05,7.39,5.26,1.99,0.168,2.13,0.08,1.84,0
9/17/2024,9/18/2024,12,12.0,12.0,nbeerbower/mistral-nemo-gutades-12B,https://huggingface.co/nbeerbower/mistral-nemo-gutades-12B,33.28,6.363636364,3.1734773,53.3,17.1,46.6,38.1,11.3,0.147,0.221,0.10,6.70,8.97,1.76,0.238,1.87,0.16,0.93,0
7/22/2024,7/29/2024,12,12.0,12.0,BeaverAI/mistral-doryV2-12b,https://huggingface.co/BeaverAI/mistral-doryV2-12b,33.27,7.272727273,2.18655171,43.3,12.8,21.5,53.4,35.3,0.213,0.219,0.20,6.80,7.72,1.72,0.033,2.67,-0.25,1.05,0
3/1/2024,,70,70.0,70.0,sophosympatheia/Midnight-Miqu-70B-v1.0,https://huggingface.co/sophosympatheia/Midnight-Miqu-70B-v1.0,33.20,1.818181818,4.733519924,22.5,39.5,30.8,25.2,48.0,0.222,0.356,0.20,6.93,9.73,1.31,0.097,2.13,-0.04,0.80,0
5/17/2024,,70,70.0,70.0,abacusai/Smaug-Llama-3-70B-Instruct,https://huggingface.co/abacusai/Smaug-Llama-3-70B-Instruct,33.13,0.681818182,4.511111111,45.8,49.0,28.9,13.3,28.7,0.157,0.348,0.10,6.84,8.58,1.87,0.226,1.80,0.11,0.91,0
8/9/2024,9/7/2024,8,8.0,8.0,Orenguteng/Llama-3.1-8B-Lexi-Uncensored-V2,https://huggingface.co/Orenguteng/Llama-3.1-8B-Lexi-Uncensored-V2,32.88,7.272727273,2.019885044,50.0,18.6,32.6,36.9,26.3,0.075,0.146,0.05,7.71,8.48,1.86,0.103,2.73,0.20,0.94,0
7/29/2024,9/15/2024,70,70.0,70.0,VAGOsolutions/Llama-3.1-SauerkrautLM-70b-Instruct,https://huggingface.co/VAGOsolutions/Llama-3.1-SauerkrautLM-70b-Instruct,32.88,2.727272727,5.128603065,15.0,44.2,35.8,40.7,28.7,0.287,0.427,0.25,6.36,8.46,1.64,0.241,1.73,0.23,0.62,0
7/30/2024,8/1/2024,21,21.0,21.0,TheSkullery/DA-NeMona-21B,https://huggingface.co/mradermacher/DA-NeMona-21B-GGUF,32.87,9.090909091,1.558524901,45.0,0.0,31.8,48.2,39.3,0.154,0.163,0.10,3.99,6.89,1.99,0.106,2.40,0.00,1.31,0
7/17/2024,7/24/2024,9,9.0,9.0,TheDrummer/Gemmasutra-9B-v1,https://huggingface.co/TheDrummer/Gemmasutra-9B-v1,32.74,7.272727273,1.741414024,61.7,5.0,36.7,54.3,6.0,0.260,0.210,0.25,6.54,6.88,1.53,0.101,1.93,-0.02,0.57,0
9/12/2024,9/14/2024,12,12.0,12.0,nbeerbower/Lyra4-Gutenberg-12B,https://huggingface.co/nbeerbower/Lyra4-Gutenberg-12B,32.70,8.181818182,0.891858234,38.3,16.5,18.2,44.5,46.0,0.262,0.271,0.20,7.50,7.79,1.58,0.102,2.47,0.02,1.31,0
8/25/2024,8/26/2024,34,34.0,34.0,anthracite-org/magnum-v3-34b,https://huggingface.co/anthracite-org/magnum-v3-34b,32.61,6.909090909,1.817921745,56.7,23.9,25.6,44.8,12.0,0.240,0.255,0.25,6.76,7.31,1.46,0.000,NA,NA,NA,0
8/8/2024,8/20/2024,9,9.0,9.0,wzhouad/gemma-2-9b-it-WPO-HB,https://huggingface.co/wzhouad/gemma-2-9b-it-WPO-HB,32.47,5.227272727,1.605742146,70.8,20.0,30.9,37.7,3.0,0.110,0.167,0.10,8.07,11.67,1.79,0.073,2.47,-0.04,0.89,0
8/30/2024,9/5/2024,12,12.0,12.0,ParasiticRogue/Instant-RP-Noodles-12B-v1.2,https://huggingface.co/ParasiticRogue/Instant-RP-Noodles-12B-v1.2,32.41,6.363636364,2.006810634,50.8,16.5,37.1,43.3,14.3,0.177,0.260,0.10,6.41,6.93,1.54,0.117,2.47,0.08,1.25,0
9/13/2024,9/14/2024,27,27.0,27.0,anthracite-org/magnum-v3-27b-kto,https://huggingface.co/anthracite-org/magnum-v3-27b-kto,32.41,5.454545455,2.413846932,53.3,11.0,22.7,37.4,37.7,0.105,0.131,0.10,8.35,7.91,1.38,0.134,2.27,0.00,1.55,0
8/6/2024,8/16/2024,,NA,NA,gpt-4o-2024-08-06,,32.39,0.909090909,6.433333333,16.7,50.3,53.8,11.2,30.0,0.254,0.561,0.20,5.91,9.03,1.75,0.760,1.27,0.54,1.08,0
8/23/2024,8/23/2024,21,21.0,21.0,BeaverAI/Theia-21B-v2b,https://huggingface.co/BeaverAI/Theia-21B-v2b-GGUF,32.25,8.181818182,1.225191567,40.0,10.3,31.9,39.1,40.0,0.226,0.217,0.20,6.30,8.13,1.51,0.249,2.20,0.24,1.59,0
8/3/2024,8/13/2024,12,12.0,12.0,anthracite-org/magnum-12b-v2,https://huggingface.co/anthracite-org/magnum-12b-v2,32.17,7.272727273,2.153218377,25.8,5.9,25.7,43.1,60.3,0.179,0.222,0.15,6.91,7.57,1.50,0.117,2.47,0.08,1.25,0
11/13/2023,7/31/2024,34,34.0,34.0,NousResearch/Nous-Capybara-34B,https://huggingface.co/NousResearch/Nous-Capybara-34B,31.88,6.363636364,1.669636012,62.5,22.5,24.2,38.2,12.0,0.128,0.237,0.05,10.30,9.81,1.34,0.000,2.20,NA,0.00,0
4/30/2024,,8,8.0,8.0,NousResearch/Hermes-2-Pro-Llama-3-8B,https://huggingface.co/NousResearch/Hermes-2-Pro-Llama-3-8B,31.69,6.363636364,1.233474796,29.2,32.5,16.5,40.9,39.3,0.070,0.201,0.00,11.21,10.02,1.72,0.037,2.73,-0.25,1.45,0
9/23/2023,,20,20.0,20.0,Undi95/MXLewd-L2-20B,https://huggingface.co/Undi95/MXLewd-L2-20B,31.63,7.272727273,2.397395849,30.8,3.4,44.9,36.0,43.0,0.099,0.082,0.10,5.14,6.36,1.91,0.028,2.80,-0.23,0.94,0
3/29/2024,9/10/2024,7,7.0,7.0,dreamgen/opus-v1.2-7b,https://huggingface.co/dreamgen/opus-v1.2-7b,31.55,7.454545455,2.058524901,49.2,10.0,33.3,28.9,36.3,0.097,0.152,0.05,8.47,6.33,2.01,0.108,2.67,0.19,0.93,0
7/18/2024,7/24/2024,236,236.0,236.0,deepseek-ai/DeepSeek-V2-Chat-0628,https://huggingface.co/deepseek-ai/DeepSeek-V2-Chat-0628,31.55,3.636363636,4.031201294,44.2,39.1,31.6,22.4,20.3,0.143,0.259,0.15,6.79,8.84,1.69,0.041,2.20,-0.32,0.79,1
5/23/2024,,35,35.0,35.0,CohereForAI/aya-23-35B,https://huggingface.co/CohereForAI/aya-23-35B,31.48,7.272727273,2.539803622,43.3,19.5,30.6,45.9,18.0,0.083,0.100,0.10,9.06,10.77,1.63,0.000,2.20,NA,0.00,1
9/25/2024,9/28/2024,8,8.0,8.0,DreadPoor/Aurora_faustus-8B-LINEAR,https://huggingface.co/DreadPoor/Aurora_faustus-8B-LINEAR,31.40,4.545454545,3.344036228,39.2,25.6,17.5,42.4,32.3,0.191,0.291,0.10,7.80,8.10,1.34,0.075,2.60,0.04,0.88,0
9/7/2024,9/8/2024,9,9.0,9.0,anthracite-org/magnum-v3-9b-customgemma2,https://huggingface.co/anthracite-org/magnum-v3-9b-customgemma2,31.35,7.727272727,1.732178546,39.2,5.3,32.0,45.5,34.7,0.118,0.149,0.05,9.60,7.68,1.27,0.057,2.53,-0.04,0.75,0
6/19/2024,,8,8.0,8.0,v000000/L3-8B-UGI-DontPlanToEnd-test,https://huggingface.co/v000000/L3-8B-UGI-DontPlanToEnd-test,31.26,7.272727273,2.239714176,21.7,15.3,36.9,39.5,43.0,0.132,0.174,0.10,8.36,10.19,1.49,0.075,2.60,0.04,0.88,0
7/5/2024,8/5/2024,9,9.0,9.0,TheDrummer/Smegmma-Deluxe-9B-v1,https://huggingface.co/TheDrummer/Smegmma-Deluxe-9B-v1,31.09,6.363636364,2.475645738,56.7,15.0,43.3,34.5,6.0,0.195,0.233,0.15,7.32,7.12,1.64,0.132,2.33,0.08,1.09,0
8/6/2024,9/13/2024,12,12.0,12.0,inflatebot/guns-and-roses-r1,https://huggingface.co/inflatebot/guns-and-roses-r1,31.02,6.636363636,1.664062515,29.2,13.0,22.2,38.7,52.0,0.115,0.190,0.10,6.68,7.05,1.65,0.121,2.60,0.11,2.29,0
7/23/2024,7/29/2024,405,405.0,405.0,meta-llama/Meta-Llama-3.1-405B-Instruct,https://huggingface.co/meta-llama/Meta-Llama-3.1-405B-Instruct,30.96,0,4.866666667,10.0,31.0,34.8,16.1,63.0,0.151,0.326,0.15,8.49,9.40,1.57,0.390,1.60,0.27,0.97,1
12/11/2023,,8x7B,12.9,46.7,mistralai/Mixtral-8x7B-Instruct-v0.1,https://huggingface.co/mistralai/Mixtral-8x7B-Instruct-v0.1,30.92,0.909090909,4.222222222,38.3,50.0,25.4,14.6,26.3,0.339,0.401,0.40,9.05,8.05,1.49,0.022,2.80,-0.26,0.81,1
7/18/2024,7/24/2024,12,12.0,12.0,mistralai/Mistral-Nemo-Base-2407,https://huggingface.co/mistralai/Mistral-Nemo-Base-2407,30.82,8.181818182,2.214080456,40.0,7.9,22.5,30.0,53.7,0.023,0.134,0.00,14.56,6.26,2.96,0.132,2.47,0.17,2.38,1
11/5/2023,,120,120.0,120.0,alpindale/goliath-120b,https://huggingface.co/alpindale/goliath-120b,30.73,5.090909091,1.822408813,27.5,20.8,32.4,33.5,39.5,0.281,0.363,0.15,6.57,7.66,1.64,0.127,2.53,0.21,0.88,0
7/30/2024,8/1/2024,21,21.0,21.0,TheSkullery/MS-NeMona-21B,https://huggingface.co/mradermacher/MS-NeMona-21B-GGUF,30.72,6.363636364,2.564062515,45.8,5.0,45.0,36.7,21.0,0.166,0.153,0.20,7.23,6.69,1.89,0.176,2.27,0.15,1.31,0
5/27/2024,,8,8.0,8.0,mlabonne/NeuralDaredevil-8B-abliterated,https://huggingface.co/mlabonne/NeuralDaredevil-8B-abliterated,30.71,6.363636364,2.56680813,30.0,15.0,39.1,41.7,27.7,0.140,0.215,0.10,8.09,8.76,1.89,0.198,2.27,0.40,0.60,0
3/12/2024,,70,70.0,70.0,sophosympatheia/Midnight-Miqu-70B-v1.5,https://huggingface.co/sophosympatheia/Midnight-Miqu-70B-v1.5,30.51,3.636363636,4.163560137,37.5,21.9,31.6,32.8,28.7,0.235,0.290,0.20,7.06,9.07,1.54,0.097,2.13,-0.04,0.80,0
12/14/2023,11/17/2024,10.7,10.7,10.7,w4r10ck/SOLAR-10.7B-Instruct-v1.0-uncensored,https://huggingface.co/w4r10ck/SOLAR-10.7B-Instruct-v1.0-uncensored,30.50,6.909090909,2.397395849,45.0,10.0,31.8,34.3,31.5,0.129,0.182,0.05,6.78,9.17,1.36,0.045,2.73,-0.05,0.79,0
4/19/2024,,70,70.0,70.0,Dogge/llama-3-70B-instruct-uncensored,https://huggingface.co/Dogge/llama-3-70B-instruct-uncensored,30.40,0,4.444444444,32.5,35.5,30.8,21.5,31.7,0.238,0.332,0.25,6.69,7.41,1.36,0.088,2.40,0.10,0.65,0
7/27/2024,8/5/2024,32,32.0,32.0,anthracite-org/magnum-32b-v1,https://huggingface.co/anthracite-org/magnum-32b-v1,30.32,1.818181818,3.773136955,31.7,32.0,39.0,25.0,24.0,0.158,0.316,0.05,8.27,9.18,1.45,0.168,2.47,0.24,1.15,0
8/16/2024,8/16/2024,8,8.0,8.0,SicariusSicariiStuff/Dusk_Rainbow,https://huggingface.co/SicariusSicariiStuff/Dusk_Rainbow,30.21,9.090909091,1.364329488,35.0,6.6,32.0,38.1,39.3,0.179,0.154,0.20,10.17,8.52,1.64,0.081,2.73,0.09,1.01,0
7/24/2024,7/29/2024,12,12.0,12.0,intervitens/mini-magnum-12b-v1.1,https://huggingface.co/intervitens/mini-magnum-12b-v1.1,30.10,4.545454545,2.895699522,23.3,11.3,21.5,40.7,53.7,0.313,0.304,0.25,6.07,7.48,1.56,0.066,2.60,-0.08,1.25,0
2/6/2024,,11,11.0,11.0,Sao10K/Fimbulvetr-11B-v2,https://huggingface.co/Sao10K/Fimbulvetr-11B-v2,29.81,7.272727273,2.786284737,38.3,10.0,50.0,34.0,16.7,0.174,0.132,0.15,11.63,7.68,2.12,0.000,NA,NA,NA,0
9/9/2024,9/9/2024,27,27.0,27.0,nbeerbower/gemma2-gutenberg-27B,https://huggingface.co/nbeerbower/gemma2-gutenberg-27B,29.72,2.727272727,2.888888889,26.7,46.9,1.2,47.5,26.3,0.388,0.504,0.30,5.00,7.96,1.62,0.046,2.67,-0.13,0.98,0
10/27/2023,,13,13.0,13.0,NeverSleep/Echidna-13b-v0.3,https://huggingface.co/NeverSleep/Echidna-13b-v0.3,29.67,6.363636364,1.379896728,56.7,10.0,33.6,32.5,15.7,0.072,0.135,0.05,16.43,8.02,1.19,0.000,NA,NA,NA,0
7/27/2024,7/31/2024,8,8.0,8.0,NeverSleep/Lumimaid-v0.2-8B,https://huggingface.co/NeverSleep/Lumimaid-v0.2-8B,29.65,7.272727273,1.944934568,43.3,15.5,7.3,37.5,44.7,0.088,0.174,0.00,7.95,7.91,1.75,0.040,2.80,-0.20,1.40,0
3/11/2024,,35,35.0,35.0,CohereForAI/c4ai-command-r-v01,https://huggingface.co/CohereForAI/c4ai-command-r-v01,29.60,8.181818182,1.861888012,37.5,11.2,26.4,44.9,28.0,0.114,0.131,0.10,9.03,10.05,1.46,0.031,2.47,-0.41,1.51,1
7/27/2024,7/29/2024,12,12.0,12.0,BeaverAI/NeMoistral-12B-v1a,https://huggingface.co/BeaverAI/NeMoistral-12B-v1a-GGUF,29.58,7.727272727,1.451255078,40.0,6.8,26.1,37.6,37.4,0.109,0.185,0.05,8.32,8.05,1.54,0.077,2.60,-0.01,2.28,0
11/8/2024,11/17/2024,8,8.0,8.0,DreadPoor/BaeZel-8B-LINEAR,https://huggingface.co/DreadPoor/BaeZel-8B-LINEAR,29.56,5.454545455,3.215675055,44.2,10.6,22.2,48.1,22.7,0.222,0.208,0.20,7.05,6.74,1.47,0.064,2.87,0.03,1.11,0
10/12/2024,10/13/2024,8,8.0,8.0,SicariusSicariiStuff/LLAMA-3_8B_Unaligned_BETA,https://huggingface.co/SicariusSicariiStuff/LLAMA-3_8B_Unaligned_BETA,29.53,8.181818182,1.586418992,48.3,5.0,27.4,50.3,16.7,0.139,0.164,0.05,6.30,8.90,1.66,0.096,2.67,0.14,0.95,0
9/16/2024,9/22/2024,72,72.0,72.0,Qwen/Qwen2.5-72B-Instruct,https://huggingface.co/Qwen/Qwen2.5-72B-Instruct,29.45,2,3.953371975,23.3,27.7,29.3,41.9,25.0,0.312,0.367,0.15,7.33,8.56,1.63,0.178,1.80,-0.05,1.06,1
1/11/2024,,8x7B,12.9,46.7,NousResearch/Nous-Hermes-2-Mixtral-8x7B-DPO,https://huggingface.co/NousResearch/Nous-Hermes-2-Mixtral-8x7B-DPO,29.43,4.545454545,3.131201294,22.5,16.5,35.1,38.8,34.3,0.126,0.204,0.05,8.97,9.39,1.30,0.035,2.20,-0.20,0.44,0
6/10/2024,,8,8.0,8.0,Nitral-AI/Hathor_Stable-v0.2-L3-8B,https://huggingface.co/Nitral-AI/Hathor_Stable-v0.2-L3-8B,29.39,7.272727273,1.36419677,10.0,20.5,31.6,38.2,46.7,0.088,0.157,0.05,9.31,8.20,1.75,0.063,2.67,0.00,0.88,0
9/16/2024,9/18/2024,8,8.0,8.0,DreadPoor/Aspire-8B-model_stock,https://huggingface.co/DreadPoor/Aspire-8B-model_stock,29.25,5.454545455,3.386756849,30.8,21.5,28.2,46.1,19.7,0.234,0.254,0.15,6.62,7.70,1.54,0.103,2.47,0.05,1.06,0
6/21/2024,,8,8.0,8.0,crestf411/L3-8B-sunfall-v0.4-stheno-v3.2,https://huggingface.co/crestf411/L3-8B-sunfall-v0.4-stheno-v3.2,29.20,7.272727273,0.898845213,30.0,15.0,35.1,40.9,25.0,0.177,0.180,0.15,7.05,8.21,1.39,0.063,2.67,0.00,0.88,0
9/9/2024,9/18/2024,8,8.0,8.0,DreadPoor/Heart_Stolen-8B-Model_Stock,https://huggingface.co/DreadPoor/Heart_Stolen-8B-Model_Stock,29.09,5,2.753423516,50.0,10.0,20.6,38.5,26.3,0.145,0.157,0.10,7.67,7.93,1.35,0.000,NA,NA,NA,0
8/15/2024,9/2/2024,8,8.0,8.0,vicgalle/Roleplay-Hermes-3-Llama-3.1-8B,https://huggingface.co/vicgalle/Roleplay-Hermes-3-Llama-3.1-8B,29.08,8.181818182,1.108641214,35.8,22.0,16.6,42.9,28.0,0.080,0.164,0.05,12.23,8.94,1.43,0.041,2.60,-0.15,0.81,0
6/24/2024,7/24/2024,7,7.0,7.0,Weyaxi/Einstein-v7-Qwen2-7B,https://huggingface.co/Weyaxi/Einstein-v7-Qwen2-7B,29.04,8.181818182,0.00850696,40.0,15.4,16.2,35.2,38.3,0.029,0.099,0.00,17.09,7.55,1.84,0.024,2.53,-0.25,0.57,0
8/9/2024,8/18/2024,12,12.0,12.0,GalrionSoftworks/Pleiades-12B-v1,https://huggingface.co/GalrionSoftworks/Pleiades-12B-v1,28.91,7.272727273,0.897395849,53.3,0.0,7.3,38.0,46.0,0.172,0.145,0.15,7.04,8.84,1.40,0.041,2.80,-0.18,1.42,0
7/2/2024,,8,8.0,8.0,HiroseKoichi/L3-8B-Lunar-Stheno,https://huggingface.co/HiroseKoichi/L3-8B-Lunar-Stheno,28.80,8.181818182,0.808641214,30.0,20.6,22.0,39.7,31.7,0.125,0.193,0.05,8.18,8.84,1.39,0.056,2.80,0.06,0.77,0
8/19/2024,9/1/2024,12,12.0,12.0,Gryphe/Pantheon-RP-1.6-12b-Nemo,https://huggingface.co/Gryphe/Pantheon-RP-1.6-12b-Nemo,28.66,7.727272727,1.58743457,38.3,6.0,36.2,35.6,27.3,0.029,0.105,0.00,7.23,7.28,1.90,0.105,2.73,0.12,1.54,0
5/17/2024,,8,8.0,8.0,migtissera/Llama-3-8B-Synthia-v3.5,https://huggingface.co/migtissera/Llama-3-8B-Synthia-v3.5,28.62,6.818181818,1.586418992,13.3,14.9,25.4,35.1,54.3,0.185,0.188,0.15,8.47,8.13,1.64,0.017,3.27,-0.29,1.54,0
8/13/2024,8/15/2024,12,12.0,12.0,migtissera/Tess-3-Mistral-Nemo-12B,https://huggingface.co/migtissera/Tess-3-Mistral-Nemo-12B,28.45,7.272727273,1.286284737,25.8,5.0,15.6,44.5,51.3,0.034,0.080,0.00,13.91,7.09,2.58,0.000,NA,NA,NA,0
8/13/2024,8/26/2024,27,27.0,27.0,AALF/gemma-2-27b-it-SimPO-37K,https://huggingface.co/AALF/gemma-2-27b-it-SimPO-37K,28.44,2.045454545,3.573047509,26.7,41.9,23.2,33.1,17.3,0.111,0.319,0.00,5.17,11.44,1.81,0.127,2.40,0.16,0.85,0
10/2/2024,10/10/2024,12,12.0,12.0,ProdeusUnity/Stellar-Odyssey-12b-v0.0,https://huggingface.co/ProdeusUnity/Stellar-Odyssey-12b-v0.0,28.36,8.181818182,0.994631035,43.3,0.6,17.5,41.0,39.3,0.118,0.114,0.15,9.37,6.59,1.87,0.075,2.73,0.00,1.31,0
2/4/2024,,120,120.0,120.0,wolfram/miqu-1-120b,https://huggingface.co/wolfram/miqu-1-120b,28.36,2.727272727,2.066666667,44.2,16.4,33.3,29.3,18.7,0.308,0.303,0.30,6.46,8.04,1.35,0.053,2.80,-0.05,1.07,0
8/30/2024,9/1/2024,15,15.0,15.0,Darkknight535/OpenCrystal-15B-L3-v2,https://huggingface.co/Darkknight535/OpenCrystal-15B-L3-v2,28.35,7.272727273,1.232178546,25.8,10.3,36.6,30.7,38.3,0.249,0.159,0.30,8.84,10.55,1.38,0.063,2.67,0.00,0.88,0
8/4/2024,9/13/2024,8,8.0,8.0,inflatebot/L3-8B-Helium3,https://huggingface.co/inflatebot/L3-8B-Helium3,28.30,6.590909091,1.883519924,17.5,28.4,22.3,31.7,41.7,0.098,0.192,0.00,9.30,8.34,1.49,0.065,2.67,-0.04,1.09,0
5/27/2024,,146,146.0,146.0,softwareweaver/Twilight-Miqu-146B,https://huggingface.co/softwareweaver/Twilight-Miqu-146B,28.30,5.454545455,1.988888889,35.8,6.5,36.2,41.9,21.0,0.323,0.275,0.25,6.45,8.55,1.55,0.082,2.93,0.15,1.10,0
8/3/2024,8/15/2024,8,8.0,8.0,Sao10K/L3.1-8B-Niitama-v1.1,https://huggingface.co/Sao10K/L3.1-8B-Niitama-v1.1,28.26,6.363636364,1.430863436,35.8,19.5,14.2,38.5,33.3,0.094,0.142,0.05,8.66,10.03,1.69,0.116,2.60,0.23,0.79,0
2/2/2024,,70,70.0,70.0,alchemonaut/BoreanGale-70B,https://huggingface.co/alchemonaut/BoreanGale-70B,28.24,0.909090909,4.236069154,18.3,40.6,27.7,33.5,21.0,0.159,0.313,0.10,7.38,8.03,1.35,0.224,1.93,0.12,1.44,0
5/9/2024,8/10/2024,11,11.0,11.0,TheDrummer/Moistral-11B-v4,https://huggingface.co/TheDrummer/Moistral-11B-v4,28.17,8.181818182,1.389379013,10.0,0.0,35.2,46.6,49.0,0.091,0.131,0.05,10.55,7.33,2.00,0.065,2.67,-0.04,1.09,0
8/27/2024,8/29/2024,12,12.0,12.0,Sao10K/MN-12B-Lyra-v3,https://huggingface.co/Sao10K/MN-12B-Lyra-v3,28.15,4.545454545,1.451255078,65.0,11.0,18.9,26.5,19.3,0.107,0.138,0.10,8.09,8.55,1.32,0.107,2.53,0.07,1.30,0
4/20/2024,7/25/2024,8,8.0,8.0,Undi95/Llama-3-Unholy-8B,https://huggingface.co/Undi95/Llama-3-Unholy-8B,28.15,8.727272727,1.406380842,30.0,10.3,31.9,35.2,33.3,0.126,0.138,0.10,9.09,9.21,1.46,0.075,2.00,0.00,0.40,0
6/21/2024,,8,8.0,8.0,tannedbum/L3-Nymeria-Maid-8B,https://huggingface.co/tannedbum/L3-Nymeria-Maid-8B,28.06,6.363636364,1.697530103,29.2,13.3,34.9,29.5,33.3,0.145,0.143,0.10,8.03,9.90,1.61,0.086,2.60,0.09,0.88,0
6/21/2024,,8,8.0,8.0,Nitral-Archive/Hathor_Unstable-L3-8B-v0.3,https://huggingface.co/Nitral-Archive/Hathor_Unstable-L3-8B-v0.3,28.05,7.272727273,1.674671249,13.3,15.5,32.4,42.7,36.3,0.183,0.227,0.10,7.72,9.59,1.13,0.094,2.60,0.12,0.88,0
9/13/2024,9/28/2024,8,8.0,8.0,Nekochu/Luminia-8B-RP,https://huggingface.co/Nekochu/Luminia-8B-RP,28.01,7.272727273,0.95604568,40.8,11.6,26.6,27.7,33.3,0.092,0.156,0.00,5.88,6.80,1.77,0.064,2.73,-0.04,1.26,0
5/26/2024,10/2/2024,8,8.0,8.0,mlabonne/Daredevil-8B-abliterated,https://huggingface.co/mlabonne/Daredevil-8B-abliterated,27.99,5.454545455,2.36419677,30.0,27.3,27.1,27.9,27.7,0.105,0.173,0.10,9.77,8.45,1.69,0.059,2.67,0.01,0.77,0
6/7/2024,,8,8.0,8.0,ChaoticNeutrals/Hathor_RP-v.01-L3-8B,https://huggingface.co/ChaoticNeutrals/Hathor_RP-v.01-L3-8B,27.93,6.363636364,1.954400768,10.0,17.9,27.2,41.5,43.0,0.119,0.192,0.00,6.78,7.41,1.76,0.063,2.67,0.00,0.88,0
8/23/2024,9/6/2024,8,8.0,8.0,v000000/Llama-3.1-8B-Stheno-v3.4-abliterated,https://huggingface.co/v000000/Llama-3.1-8B-Stheno-v3.4-abliterated,27.87,6.363636364,1.495359177,37.5,17.9,22.4,38.2,23.3,0.115,0.152,0.05,6.60,7.03,1.71,0.071,2.60,0.00,0.97,0
4/23/2024,9/7/2024,8,8.0,8.0,Orenguteng/Llama-3-8B-Lexi-Uncensored,https://huggingface.co/Orenguteng/Llama-3-8B-Lexi-Uncensored,27.82,10,0.000490124,25.0,15.0,26.3,47.8,25.0,0.171,0.171,0.15,8.80,8.46,1.60,0.051,2.93,0.07,0.81,0
10/29/2023,,7,7.0,7.0,maywell/Synatra-7B-v0.3-RP,https://huggingface.co/maywell/Synatra-7B-v0.3-RP,27.79,8.181818182,1.225191567,18.3,0.0,40.0,40.6,40.0,0.014,0.014,0.00,4.85,8.96,1.36,0.000,NA,NA,NA,0
6/14/2024,,8,8.0,8.0,Casual-Autopsy/L3-Umbral-Mind-RP-v0.3-8B,https://huggingface.co/Casual-Autopsy/L3-Umbral-Mind-RP-v0.3-8B,27.49,5.454545455,1.797662822,17.5,28.4,18.4,30.2,43.0,0.182,0.242,0.10,7.68,9.08,1.53,0.086,2.60,0.09,0.88,0
1/1/2024,8/15/2024,8x7B,12.9,46.7,cognitivecomputations/dolphin-2.7-mixtral-8x7b,https://huggingface.co/cognitivecomputations/dolphin-2.7-mixtral-8x7b,27.45,7.272727273,2.2734773,30.0,9.0,43.6,40.3,14.3,0.178,0.230,0.05,8.97,8.22,1.39,0.000,2.20,NA,0.00,0
1/12/2024,,30,30.0,30.0,SicariusSicariiStuff/Tenebra_30B_Alpha01_FP16,https://huggingface.co/SicariusSicariiStuff/Tenebra_30B_Alpha01_FP16,27.36,8.181818182,1.002969345,45.0,0.0,35.0,25.8,31.0,0.019,0.044,0.00,15.33,6.08,2.85,0.000,NA,NA,NA,0
6/26/2024,,8,8.0,8.0,Sao10K/L3-8B-Lunaris-v1,https://huggingface.co/Sao10K/L3-8B-Lunaris-v1,27.31,7.272727273,0.952449026,17.5,20.6,22.9,43.9,31.7,0.311,0.260,0.30,8.34,9.81,1.39,0.091,2.60,0.11,0.88,0
6/20/2024,,8,8.0,8.0,ChaoticNeutrals/Domain-Fusion-L3-8B,https://huggingface.co/ChaoticNeutrals/Domain-Fusion-L3-8B,27.26,7.272727273,2.06680813,10.0,15.0,22.2,52.8,36.3,0.166,0.206,0.10,5.58,7.47,1.70,0.063,2.67,0.00,0.88,0
8/30/2024,9/1/2024,35,35.0,35.0,CohereForAI/c4ai-command-r-08-2024,https://huggingface.co/CohereForAI/c4ai-command-r-08-2024,27.24,5.454545455,2.719885044,39.2,13.6,24.3,36.4,22.7,0.063,0.148,0.05,10.69,10.28,1.37,0.149,1.80,-0.03,0.77,1
6/7/2024,,8,8.0,8.0,jeiku/Average_Normie_v3.69_8B,https://huggingface.co/jeiku/Average_Normie_v3.69_8B,27.15,6.363636364,1.508004582,23.3,10.0,30.1,38.9,33.3,0.163,0.228,0.00,9.11,8.37,1.92,0.094,2.60,0.12,0.88,0
10/3/2023,,70,70.0,70.0,lizpreciatior/lzlv_70b_fp16_hf,https://huggingface.co/lizpreciatior/lzlv_70b_fp16_hf,27.08,4.545454545,2.439075479,49.2,20.0,25.6,21.9,18.7,0.017,0.133,0.00,13.57,6.74,1.83,0.000,NA,NA,NA,0
1/9/2024,,8x7B,12.9,46.7,NeverSleep/Noromaid-v0.4-Mixtral-Instruct-8x7b-Zloss,https://huggingface.co/NeverSleep/Noromaid-v0.4-Mixtral-Instruct-8x7b-Zloss,27.07,3.636363636,3.288888889,31.7,26.0,31.6,25.8,20.3,0.069,0.204,0.05,10.16,7.72,2.31,0.038,2.73,-0.18,1.02,0
6/20/2024,,8,8.0,8.0,aifeifei798/llama3-8B-DarkIdol-1.1,https://huggingface.co/aifeifei798/llama3-8B-DarkIdol-1.1,26.94,7.272727273,1.739714176,38.3,10.3,22.6,24.1,39.3,0.098,0.161,0.05,7.51,6.27,1.72,0.079,2.47,0.06,0.72,0
6/1/2024,,8,8.0,8.0,ChaoticNeutrals/Poppy_Porpoise-1.4-L3-8B,https://huggingface.co/ChaoticNeutrals/Poppy_Porpoise-1.4-L3-8B,26.84,6.363636364,1.494631035,30.8,10.0,29.3,27.7,36.3,0.161,0.134,0.20,9.76,8.26,1.92,0.063,2.67,0.00,0.88,0
9/16/2024,9/28/2024,12,12.0,12.0,inflatebot/MN-12B-Mag-Mell-R1,https://huggingface.co/inflatebot/MN-12B-Mag-Mell-R1,26.80,6.363636364,1.002969345,35.8,5.0,32.1,30.0,31.0,0.275,0.237,0.25,4.88,8.05,1.64,0.174,2.13,0.09,1.26,0
7/24/2024,7/29/2024,8,8.0,8.0,HiroseKoichi/Llama-3-8B-Stroganoff-2.0,https://huggingface.co/HiroseKoichi/Llama-3-8B-Stroganoff-2.0,26.79,6.363636364,1.46419677,13.3,24.7,21.7,40.9,33.3,0.180,0.208,0.10,7.30,7.26,1.44,0.043,2.07,-0.20,0.44,0
6/5/2024,,15,15.0,15.0,Steelskull/L3-Aethora-15B,https://huggingface.co/Steelskull/L3-Aethora-15B,26.76,7.272727273,1.900141463,25.0,15.0,23.1,37.3,33.3,0.154,0.230,0.05,8.32,8.29,1.36,0.101,2.87,0.22,1.05,0
8/6/2024,8/20/2024,12,12.0,12.0,aetherwiing/MN-12B-Starcannon-v3,https://huggingface.co/mradermacher/MN-12B-Starcannon-v3-GGUF,26.74,6.727272727,1.462366189,40.0,0.0,10.6,42.9,40.2,0.142,0.163,0.10,8.59,8.02,1.47,0.175,2.53,0.25,1.35,0
11/26/2023,9/4/2024,7,7.0,7.0,maywell/PiVoT-0.1-Evil-a,https://huggingface.co/maywell/PiVoT-0.1-Evil-a,26.73,8.181818182,0.550914733,48.3,0.4,34.5,47.4,3.0,0.120,0.105,0.10,9.59,9.30,1.52,0.038,2.47,-0.27,0.95,0
8/13/2024,8/15/2024,12,12.0,12.0,nbeerbower/mistral-nemo-gutenberg-12B-v2,https://huggingface.co/nbeerbower/mistral-nemo-gutenberg-12B-v2,26.62,3.636363636,2.154101237,52.5,11.3,29.4,22.5,17.3,0.129,0.195,0.10,5.22,8.36,1.62,0.152,2.07,0.05,1.00,0
8/21/2024,8/21/2024,2,2.0,2.0,BeaverAI/Gemmasutra-Mini-2B-v2aa,https://huggingface.co/BeaverAI/Gemmasutra-Mini-2B-v2aa-GGUF,26.54,6.363636364,0.384248066,33.3,0.0,39.7,28.7,31.0,0.178,0.218,0.15,7.52,8.84,1.28,0.444,1.67,0.37,1.53,0
5/18/2024,8/5/2024,8,8.0,8.0,openchat/openchat-3.6-8b-20240522,https://huggingface.co/openchat/openchat-3.6-8b-20240522,26.34,7.272727273,1.0734773,27.5,10.0,25.5,26.4,42.3,0.080,0.146,0.05,8.61,6.61,2.01,0.018,2.67,-0.41,0.93,0
7/7/2024,8/5/2024,8,8.0,8.0,Sao10K/L3-8B-Niitama-v1,https://huggingface.co/Sao10K/L3-8B-Niitama-v1,26.34,7.272727273,1.075440599,17.5,15.3,36.4,30.8,31.7,0.323,0.224,0.35,9.03,9.34,1.51,0.056,2.80,0.06,0.77,0
4/17/2024,,8,8.0,8.0,meta-llama/Meta-Llama-3-8B,https://huggingface.co/meta-llama/Meta-Llama-3-8B,26.21,8.181818182,1.05604568,35.0,0.0,19.2,34.5,42.3,0.012,0.069,0.00,14.86,6.03,2.91,0.019,3.20,-0.28,1.54,1
10/11/2023,,7,7.0,7.0,royallab/ZephRP-m7b,https://huggingface.co/royallab/ZephRP-m7b,26.14,7.272727273,1.217581399,34.2,0.0,30.6,31.2,34.7,0.116,0.112,0.10,7.69,7.84,1.77,0.000,NA,NA,NA,0
11/25/2023,,7,7.0,7.0,berkeley-nest/Starling-LM-7B-alpha,https://huggingface.co/berkeley-nest/Starling-LM-7B-alpha,26.10,7.272727273,1.328692511,30.0,5.0,15.6,21.9,58.0,0.032,0.061,0.00,15.65,6.56,2.07,0.000,NA,NA,NA,0
8/15/2024,8/18/2024,12,12.0,12.0,nbeerbower/mistral-nemo-gutenberg-12B-v3,https://huggingface.co/nbeerbower/mistral-nemo-gutenberg-12B-v3,26.10,6.363636364,1.872408813,15.0,8.9,22.2,47.4,37.0,0.327,0.281,0.30,6.01,8.32,1.64,0.096,2.47,-0.01,1.31,0
6/9/2024,,8,8.0,8.0,bluuwhale/L3-SthenoMaidBlackroot-8B-V1,https://huggingface.co/bluuwhale/L3-SthenoMaidBlackroot-8B-V1,26.05,5.454545455,1.454400768,13.3,20.0,23.1,40.5,33.3,0.167,0.186,0.15,7.77,8.09,1.53,0.064,2.27,-0.04,0.57,0
6/26/2024,,35,35.0,35.0,DavidAU/Command-R-01-Ultra-NEO-V1-35B,https://huggingface.co/DavidAU/Command-R-01-Ultra-NEO-V1-35B-IMATRIX-GGUF,25.91,4.545454545,3.334807858,25.8,11.0,26.9,48.4,17.3,0.316,0.310,0.20,7.63,9.62,1.81,0.053,2.33,-0.27,1.22,0
7/24/2024,8/10/2024,72,72.0,72.0,dnhkng/RYS-XLarge,https://huggingface.co/dnhkng/RYS-XLarge,25.85,0.909090909,4.444444444,15.0,32.4,33.4,25.8,22.7,0.095,0.237,0.05,8.83,8.33,1.71,0.051,2.33,-0.25,1.00,0
5/5/2024,,8,8.0,8.0,NeverSleep/Llama-3-Lumimaid-8B-v0.1-OAS,https://huggingface.co/NeverSleep/Llama-3-Lumimaid-8B-v0.1-OAS,25.71,6.363636364,1.273136955,8.3,20.0,28.8,38.1,33.3,0.161,0.177,0.15,9.74,8.26,1.49,0.043,2.07,-0.20,0.44,0
7/24/2024,7/24/2024,70,70.0,70.0,Nexusflow/Athene-70B,https://huggingface.co/Nexusflow/Athene-70B,25.71,0,4.944444444,8.3,45.5,24.2,15.8,34.7,0.145,0.341,0.15,8.36,11.47,2.01,0.226,1.80,0.11,0.91,0
6/21/2024,,8,8.0,8.0,TheDrummer/Llama-3SOME-8B-v2,https://huggingface.co/TheDrummer/Llama-3SOME-8B-v2,25.58,6.363636364,0.850825287,13.3,20.3,39.3,30.0,25.0,0.195,0.192,0.20,8.56,8.22,1.74,0.086,2.60,0.09,0.88,0
7/14/2024,7/29/2024,8,8.0,8.0,meta-llama/Meta-Llama-3.1-8B,https://huggingface.co/meta-llama/Meta-Llama-3.1-8B,25.58,7.272727273,1.944934568,35.0,12.0,25.5,29.7,25.7,0.018,0.109,0.00,21.80,3.13,1.97,0.021,2.93,-0.33,1.25,1
12/5/2024,12/7/2024,8,8.0,8.0,SicariusSicariiStuff/Impish_Mind_8B,https://huggingface.co/SicariusSicariiStuff/Impish_Mind_8B,25.55,8,0.742107266,40.0,0.0,42.5,35.2,10.0,0.033,0.051,0.05,9.17,6.43,1.53,0.158,2.07,0.06,1.24,0
9/14/2024,9/15/2024,405,405.0,405.0,nicoboss/Meta-Llama-3.1-405B-Instruct-Uncensored,https://huggingface.co/nicoboss/Meta-Llama-3.1-405B-Instruct-Uncensored,25.42,0,3.2,10.0,31.0,8.6,14.5,63.0,0.088,0.281,0.10,7.88,8.91,1.87,0.343,1.60,0.24,0.85,0
5/12/2024,,110,110.0,110.0,cognitivecomputations/dolphin-2.9.1-qwen-110b,https://huggingface.co/cognitivecomputations/dolphin-2.9.1-qwen-110b,25.34,5.454545455,0.998845213,17.5,35.0,30.5,31.0,12.7,0.181,0.289,0.15,8.00,8.57,1.56,0.219,2.27,0.21,1.61,0
9/17/2024,10/7/2024,32,32.0,32.0,Qwen/Qwen2.5-32B-Instruct,https://huggingface.co/Qwen/Qwen2.5-32B-Instruct,25.32,0.909090909,3.55018659,26.7,12.2,44.9,13.4,29.3,0.104,0.221,0.05,8.25,9.89,1.43,0.405,1.53,0.30,0.88,0
6/17/2024,,8,8.0,8.0,Casual-Autopsy/L3-Umbral-Mind-RP-v1.0-8B,https://huggingface.co/Casual-Autopsy/L3-Umbral-Mind-RP-v1.0-8B,25.24,4.545454545,1.927964368,13.3,29.9,17.8,28.9,36.3,0.115,0.201,0.05,9.83,9.21,1.31,0.063,2.67,0.00,0.88,0
7/30/2024,8/11/2024,27,27.0,27.0,Steelskull/G2-DA-Nyxora-27b-V2,https://huggingface.co/Steelskull/G2-DA-Nyxora-27b-V2,25.22,3.272727273,1.808979071,40.0,14.3,8.7,44.4,18.7,0.117,0.208,0.05,6.69,8.09,1.62,0.098,2.60,0.02,1.67,0
8/4/2024,8/11/2024,8,8.0,8.0,cognitivecomputations/dolphin-2.9.4-llama3.1-8b,https://huggingface.co/cognitivecomputations/dolphin-2.9.4-llama3.1-8b,25.21,5.454545455,2.05018659,30.0,5.9,28.7,29.2,32.3,0.122,0.174,0.05,8.21,8.84,1.73,0.036,2.93,-0.17,1.36,0
10/18/2023,,13,13.0,13.0,KoboldAI/LLaMA2-13B-Tiefighter,https://huggingface.co/KoboldAI/LLaMA2-13B-Tiefighter,25.16,5.454545455,1.842260864,26.7,0.0,38.6,45.5,15.0,0.177,0.119,0.15,7.25,8.70,1.33,0.000,NA,NA,NA,0
7/16/2024,7/29/2024,8,8.0,8.0,HiroseKoichi/Llama-3-8B-Stroganoff,https://huggingface.co/HiroseKoichi/Llama-3-8B-Stroganoff,25.15,7.272727273,1.232178546,30.0,17.9,12.8,40.0,25.0,0.156,0.141,0.15,7.79,8.31,1.72,0.063,2.67,0.00,0.88,0
10/12/2024,11/6/2024,9,9.0,9.0,zelk12/MT1-gemma-2-9B,https://huggingface.co/zelk12/MT1-gemma-2-9B,25.10,3.636363636,1.177919241,42.9,15.0,23.3,41.3,3.0,0.129,0.185,0.10,6.45,8.98,1.69,0.156,1.87,0.01,0.81,0
6/20/2024,,8,8.0,8.0,ResplendentAI/Nymph_8B,https://huggingface.co/ResplendentAI/Nymph_8B,25.02,6.363636364,1.177919241,43.3,5.0,28.8,45.0,3.0,0.071,0.113,0.05,9.44,11.00,0.68,0.126,2.53,0.21,0.88,0
6/5/2024,,8,8.0,8.0,Sao10K/L3-8B-Stheno-v3.2,https://huggingface.co/Sao10K/L3-8B-Stheno-v3.2,24.91,6.363636364,0.475307881,25.8,20.5,17.2,29.3,31.7,0.141,0.185,0.10,7.35,9.62,1.43,0.063,2.67,0.00,0.88,0
11/1/2024,11/17/2024,8,8.0,8.0,DreadPoor/Aspire_1.3-8B_model-stock,https://huggingface.co/DreadPoor/Aspire_1.3-8B_model-stock,24.79,4.545454545,2.533315508,30.8,11.0,16.9,38.9,26.3,0.147,0.167,0.10,5.96,6.98,1.83,0.051,3.07,0.07,0.97,0
7/26/2024,8/24/2024,8,8.0,8.0,Orenguteng/Llama-3.1-8B-Lexi-Uncensored,https://huggingface.co/Orenguteng/Llama-3.1-8B-Lexi-Uncensored,24.79,5.454545455,2.352525135,15.8,15.3,32.9,40.3,19.7,0.035,0.133,0.00,8.55,7.24,2.81,0.114,2.33,0.00,1.21,0
10/1/2024,10/7/2024,72,72.0,72.0,ZeusLabs/Chronos-Platinum-72B,https://huggingface.co/ZeusLabs/Chronos-Platinum-72B,24.60,1.818181818,2.462366189,34.2,29.5,14.8,21.9,22.7,0.167,0.192,0.20,11.32,8.13,1.57,0.000,NA,NA,NA,0
6/15/2024,,8,8.0,8.0,tannedbum/L3-Nymeria-8B,https://huggingface.co/tannedbum/L3-Nymeria-8B,24.31,5.454545455,1.939803622,10.0,22.9,17.8,37.5,33.3,0.122,0.149,0.10,7.00,10.33,1.29,0.063,2.67,0.00,0.88,0
10/22/2024,11/6/2024,,NA,NA,claude-3-5-sonnet-20241022,,24.07,0.909090909,2.433333333,0.0,29.2,43.9,22.2,25.0,0.581,0.651,0.30,5.91,7.98,1.28,0.791,1.27,0.63,0.98,0
7/28/2024,7/31/2024,9,9.0,9.0,grimjim/Gemma2-Nephilim-v3-9B,https://huggingface.co/grimjim/Gemma2-Nephilim-v3-9B,23.74,3.636363636,0.833333333,54.2,20.0,13.7,27.8,3.0,0.146,0.220,0.10,7.42,10.92,1.83,0.173,1.80,0.04,0.75,0
9/10/2024,9/28/2024,9,9.0,9.0,ifable/gemma-2-Ifable-9B,https://huggingface.co/ifable/gemma-2-Ifable-9B,23.68,3.636363636,0.884248066,54.2,25.0,10.3,26.0,3.0,0.059,0.153,0.05,6.87,12.67,2.10,0.036,2.60,-0.19,0.81,0
5/13/2024,,,NA,NA,gpt-4o-2024-05-13,,23.44,0.909090909,2.766666667,0.0,70.3,28.2,18.6,0.0,0.766,0.662,0.85,6.43,8.90,1.72,0.593,1.53,0.50,0.98,0
4/24/2024,8/10/2024,11,11.0,11.0,TheDrummer/Moistral-11B-v3,https://huggingface.co/TheDrummer/Moistral-11B-v3,23.39,6.818181818,0.722712346,43.3,5.0,22.3,35.0,11.3,0.175,0.157,0.10,7.99,8.71,1.52,0.016,2.53,-0.36,0.57,0
4/26/2024,11/27/2024,8,8.0,8.0,Kaoeiri/Keiana-L3-Test6.2-8B-18,https://huggingface.co/Kaoeiri/Keiana-L3-Test6.2-8B-18,23.34,5.454545455,1.879896728,17.5,5.0,21.0,35.6,37.7,0.175,0.194,0.10,7.90,7.47,1.68,0.064,2.87,0.03,1.11,0
8/6/2024,8/20/2024,32,32.0,32.0,anthracite-org/magnum-v2-32b,https://huggingface.co/anthracite-org/magnum-v2-32b,23.33,1.363636364,3.130996155,35.0,20.3,22.4,21.6,17.3,0.068,0.193,0.05,10.08,8.34,1.34,0.172,2.47,0.25,1.12,0
6/18/2024,,8,8.0,8.0,ChaoticNeutrals/T-900-8B,https://huggingface.co/ChaoticNeutrals/T-900-8B,23.29,7.272727273,1.18415862,5.0,10.6,28.0,47.8,25.0,0.065,0.106,0.05,9.71,9.81,1.11,0.095,2.80,0.14,1.20,0
8/16/2024,8/18/2024,8,8.0,8.0,mlabonne/Hermes-3-Llama-3.1-8B-lorablated,https://huggingface.co/mlabonne/Hermes-3-Llama-3.1-8B-lorablated,23.15,5.454545455,0.658524901,14.2,13.9,13.2,41.2,33.3,0.079,0.159,0.00,8.19,8.09,1.71,0.152,2.27,0.22,0.75,0
8/11/2024,8/11/2024,2,2.0,2.0,SicariusSicariiStuff/2B_or_not_2B,https://huggingface.co/SicariusSicariiStuff/2B_or_not_2B,23.13,7.727272727,0.891858234,30.0,0.0,25.0,27.6,33.1,0.088,0.088,0.05,8.52,8.64,1.42,0.000,NA,NA,NA,0
7/14/2024,8/15/2024,9,9.0,9.0,nbeerbower/gemma2-gutenberg-9B,https://huggingface.co/nbeerbower/gemma2-gutenberg-9B,23.05,2.909090909,0.833333333,49.2,25.0,3.9,34.2,3.0,0.254,0.342,0.10,6.11,8.18,1.60,0.157,2.07,0.03,1.11,0
11/3/2023,,7,7.0,7.0,Undi95/Toppy-M-7B,https://huggingface.co/Undi95/Toppy-M-7B,22.92,4.545454545,1.86419677,31.7,5.4,31.8,34.4,11.3,0.116,0.145,0.05,7.64,7.96,1.67,0.048,2.47,-0.12,0.72,0
6/25/2024,,27,27.0,27.0,google/gemma-2-27b-it,https://huggingface.co/google/gemma-2-27b-it,22.91,0,1.888888889,31.7,36.9,5.7,20.0,20.3,0.250,0.412,0.15,5.29,8.24,1.76,0.226,1.87,0.27,0.61,1
7/24/2024,8/8/2024,8,8.0,8.0,Undi95/Meta-Llama-3.1-8B-Claude-39fail-3000total,https://huggingface.co/Undi95/Meta-Llama-3.1-8B-Claude-39fail-3000total,22.87,3.409090909,1.95604568,23.3,16.3,25.2,38.2,11.3,0.218,0.231,0.10,5.60,8.09,1.44,0.033,2.87,-0.09,0.75,0
1/8/2024,,8x7B,12.9,46.7,Doctor-Shotgun/Mixtral-8x7B-Instruct-v0.1-LimaRP-ZLoss-DARE-TIES,https://huggingface.co/Doctor-Shotgun/Mixtral-8x7B-Instruct-v0.1-LimaRP-ZLoss-DARE-TIES,22.85,1.818181818,2.666666667,30.0,25.0,17.7,22.8,18.7,0.171,0.256,0.15,8.47,8.02,1.65,0.060,2.93,0.07,0.97,0
8/3/2024,8/5/2024,2,2.0,2.0,TheDrummer/Gemmasutra-Mini-2B-v1,https://huggingface.co/TheDrummer/Gemmasutra-Mini-2B-v1,22.81,6.363636364,0.365212348,20.0,0.0,28.6,34.5,31.0,0.177,0.169,0.10,5.41,6.82,1.48,0.000,NA,NA,NA,0
7/18/2024,7/29/2024,8,8.0,8.0,meta-llama/Meta-Llama-3.1-8B-Instruct,https://huggingface.co/meta-llama/Meta-Llama-3.1-8B-Instruct,22.71,4.545454545,1.777777778,23.3,16.1,8.8,45.6,19.7,0.065,0.128,0.05,8.03,9.19,1.51,0.103,2.73,0.20,0.94,1
7/7/2024,7/30/2024,7,7.0,7.0,icefog72/IceSakeRP-7b,https://huggingface.co/icefog72/IceSakeRP-7b,22.70,4.545454545,1.742107266,25.8,15.4,23.1,36.4,12.7,0.064,0.143,0.05,8.97,8.91,2.19,0.075,2.40,0.03,0.68,0
8/14/2024,8/19/2024,9,9.0,9.0,lemon07r/Gemma-2-Ataraxy-9B,https://huggingface.co/lemon07r/Gemma-2-Ataraxy-9B,22.64,3.636363636,0.8,49.2,24.5,10.3,26.3,3.0,0.107,0.174,0.10,6.97,11.26,1.76,0.036,2.60,-0.19,0.81,0
11/8/2024,11/17/2024,8,8.0,8.0,DreadPoor/LemonP-8B-Model_Stock,https://huggingface.co/DreadPoor/LemonP-8B-Model_Stock,22.52,3.636363636,2.231149753,20.0,10.6,8.4,47.3,26.3,0.197,0.223,0.10,7.69,9.11,1.44,0.085,2.93,0.17,1.09,0
7/23/2024,7/29/2024,8,8.0,8.0,Casual-Autopsy/L3-Super-Nova-RP-8B,https://huggingface.co/Casual-Autopsy/L3-Super-Nova-RP-8B,22.41,6.363636364,0.517491954,22.5,11.8,17.6,28.5,31.7,0.132,0.121,0.15,8.34,10.26,1.76,0.079,2.47,0.06,0.72,0
8/1/2024,8/2/2024,2,2.0,2.0,BeaverAI/Pocket-Tiger-Gemma-2B-v1f,https://huggingface.co/BeaverAI/Pocket-Tiger-Gemma-2B-v1f-GGUF,22.39,6.590909091,0.787734102,35.0,10.0,26.1,32.5,8.3,0.154,0.137,0.15,9.01,8.99,1.58,0.046,2.60,-0.10,0.77,0
6/20/2024,,8,8.0,8.0,turboderp/llama3-turbcat-instruct-8b,https://huggingface.co/turboderp/llama3-turbcat-instruct-8b,22.36,7.272727273,0.850825287,5.0,6.4,25.8,49.7,25.0,0.111,0.130,0.05,8.43,7.89,1.85,0.064,1.93,-0.19,0.57,0
4/3/2024,,7,7.0,7.0,icefog72/IceLemonTeaRP-32k-7b,https://huggingface.co/icefog72/IceLemonTeaRP-32k-7b,22.31,4.545454545,2.853218377,17.5,5.0,26.1,40.3,22.7,0.234,0.204,0.20,8.10,8.19,1.32,0.070,2.53,-0.04,1.00,0
2/2/2024,,72,72.0,72.0,Qwen/Qwen1.5-72B-Chat,https://huggingface.co/Qwen/Qwen1.5-72B-Chat,22.31,1.818181818,2.766666667,8.3,44.1,31.0,22.2,6.0,0.129,0.267,0.10,7.73,10.02,1.60,0.047,2.93,-0.05,1.12,1
6/17/2024,,8,8.0,8.0,Cas-Warehouse/Llama-3-Mopeyfied-Psychology-8B,https://huggingface.co/Cas-Warehouse/Llama-3-Mopeyfied-Psychology-8B,22.19,4.545454545,1.853218377,13.3,10.3,15.7,24.0,47.7,0.177,0.193,0.15,7.97,6.91,1.62,0.093,2.40,0.07,0.77,0
1/1/2024,7/25/2024,13,13.0,13.0,Undi95/Unholy-v2-13B,https://huggingface.co/Undi95/Unholy-v2-13B,22.12,5.454545455,1.050914733,28.3,6.1,30.4,33.1,12.7,0.087,0.111,0.05,8.50,10.58,1.60,0.048,2.47,-0.12,0.72,0
5/2/2024,,8,8.0,8.0,Nitral-AI/Poppy_Porpoise-0.72-L3-8B,https://huggingface.co/Nitral-AI/Poppy_Porpoise-0.72-L3-8B,22.09,5.454545455,1.508004582,17.5,15.5,22.3,21.8,33.3,0.135,0.188,0.05,7.63,8.36,1.62,0.065,2.73,0.02,0.94,0
6/20/2024,,,NA,NA,claude-3-5-sonnet-20240620,,21.91,0.909090909,2.433333333,0.0,29.2,31.8,23.6,25.0,0.789,0.627,0.65,5.43,8.84,1.69,0.450,1.67,0.53,0.61,0
3/4/2024,,103,103.0,103.0,sophosympatheia/Midnight-Miqu-103B-v1.0,https://huggingface.co/sophosympatheia/Midnight-Miqu-103B-v1.0,21.89,1.818181818,2.70211895,23.3,15.3,11.3,32.6,27.0,0.225,0.288,0.10,6.69,8.43,1.47,0.000,NA,NA,NA,0
10/1/2024,10/2/2024,3,3.0,3.0,SicariusSicariiStuff/Impish_LLAMA_3B,https://huggingface.co/SicariusSicariiStuff/Impish_LLAMA_3B,21.70,5.454545455,1.297662822,33.3,10.0,21.3,22.2,21.7,0.033,0.071,0.00,8.52,13.36,1.39,0.027,3.00,-0.16,0.93,0
8/10/2023,9/8/2024,13,13.0,13.0,Gryphe/MythoMax-L2-13b,https://huggingface.co/Gryphe/MythoMax-L2-13b,21.66,5.454545455,0.850825287,31.7,15.5,25.6,35.5,0.0,0.158,0.133,0.15,9.82,8.30,1.56,0.000,NA,NA,NA,0
7/17/2024,7/30/2024,9,9.0,9.0,princeton-nlp/gemma-2-9b-it-SimPO,https://huggingface.co/princeton-nlp/gemma-2-9b-it-SimPO,21.64,2.727272727,0.817581399,41.7,24.0,10.3,29.2,3.0,0.141,0.231,0.05,6.25,10.90,1.86,0.036,2.60,-0.19,0.81,0
5/5/2024,7/24/2024,8,8.0,8.0,NousResearch/Hermes-2-Theta-Llama-3-8B,https://huggingface.co/NousResearch/Hermes-2-Theta-Llama-3-8B,21.62,4.545454545,1.398845213,10.8,20.0,22.3,39.3,15.7,0.112,0.194,0.10,8.82,8.92,1.42,0.069,2.60,-0.08,1.26,0
6/26/2024,,8,8.0,8.0,Casual-Autopsy/L3-Umbral-Mind-RP-v2.0-8B,https://huggingface.co/Casual-Autopsy/L3-Umbral-Mind-RP-v2.0-8B,21.36,4.545454545,1.406380842,5.0,20.0,12.8,29.0,40.0,0.195,0.164,0.25,7.60,9.27,1.61,0.063,2.67,0.00,0.88,0
12/29/2023,,13,13.0,13.0,SicariusSicariiStuff/Tinybra_13B,https://huggingface.co/SicariusSicariiStuff/Tinybra_13B,21.33,8.181818182,0.669636012,5.0,0.0,35.0,41.7,25.0,0.041,0.041,0.00,19.59,6.74,1.50,0.000,NA,NA,NA,0
12/24/2023,,7,7.0,7.0,SanjiWatsuki/Loyal-Macaroni-Maid-7B,https://huggingface.co/SanjiWatsuki/Loyal-Macaroni-Maid-7B,21.14,5.454545455,2.289030352,17.5,5.0,25.6,37.9,19.7,0.144,0.123,0.10,9.04,9.07,1.44,0.000,NA,NA,NA,0
7/24/2024,7/29/2024,8,8.0,8.0,mlabonne/Meta-Llama-3.1-8B-Instruct-abliterated,https://huggingface.co/mlabonne/Meta-Llama-3.1-8B-Instruct-abliterated,20.85,5.454545455,0.939803622,40.0,10.3,17.5,28.1,8.3,0.137,0.150,0.10,7.41,9.20,1.29,0.075,2.00,0.00,0.40,0
7/19/2024,7/24/2024,8,8.0,8.0,nothingiisreal/L3-8B-Celeste-V1.2,https://huggingface.co/nothingiisreal/L3-8B-Celeste-V1.2,20.24,3.636363636,1.891858234,10.0,25.0,16.7,35.1,14.3,0.028,0.165,0.00,9.06,7.17,1.68,0.075,2.00,0.00,0.40,0
8/21/2024,8/21/2024,2,2.0,2.0,BeaverAI/Gemmasutra-Mini-2B-v2y,https://huggingface.co/BeaverAI/Gemmasutra-Mini-2B-v2y-GGUF,19.72,5.909090909,0.351255078,15.0,0.9,19.2,32.5,31.0,0.132,0.124,0.10,6.50,6.46,1.39,0.000,NA,NA,NA,0
11/13/2023,,13,13.0,13.0,KoboldAI/LLaMA2-13B-Psyfighter2,https://huggingface.co/KoboldAI/LLaMA2-13B-Psyfighter2,19.71,4.545454545,1.174747357,15.0,6.9,24.9,45.8,6.0,0.247,0.240,0.15,5.60,7.69,1.80,0.027,2.53,-0.25,0.65,0
8/26/2024,8/26/2024,2,2.0,2.0,SicariusSicariiStuff/2B-ad,https://huggingface.co/SicariusSicariiStuff/2B-ad,19.64,7.272727273,0.217581399,25.0,2.5,32.2,38.5,0.0,0.123,0.171,0.05,9.46,10.46,1.50,0.288,1.87,0.33,0.72,0
8/22/2024,8/22/2024,3.8,3.8,3.8,SicariusSicariiStuff/Phi-3.5-mini-instruct_Uncensored,https://huggingface.co/SicariusSicariiStuff/Phi-3.5-mini-instruct_Uncensored,19.35,6.363636364,1.141974547,25.0,0.0,43.2,28.5,0.0,0.046,0.067,0.00,11.46,11.28,0.85,0.129,2.33,0.03,2.07,0
9/16/2024,9/22/2024,14,14.0,14.0,Qwen/Qwen2.5-14B-Instruct,https://huggingface.co/Qwen/Qwen2.5-14B-Instruct,19.09,2.272727273,1.408773933,29.6,10.5,24.8,23.9,6.7,0.174,0.149,0.15,7.76,9.44,1.47,0.000,NA,NA,NA,1
8/1/2024,8/2/2024,2,2.0,2.0,BeaverAI/Pocket-Tiger-Gemma-2B-v1e,https://huggingface.co/BeaverAI/Pocket-Tiger-Gemma-2B-v1e-GGUF,18.92,5.681818182,0.28578236,40.0,10.0,25.5,19.1,0.0,0.154,0.116,0.15,8.17,8.41,1.80,0.020,2.73,-0.37,0.97,0
7/18/2024,7/29/2024,,NA,NA,gpt-4o-mini,,18.84,0.909090909,3.144444444,0.0,40.9,16.7,11.0,25.7,0.224,0.335,0.15,6.52,10.62,1.42,0.132,2.40,0.15,0.94,0
7/24/2024,7/29/2024,8,8.0,8.0,Nitral-AI/Hathor_Sofit-L3-8B-v1,https://huggingface.co/Nitral-AI/Hathor_Sofit-L3-8B-v1,18.74,4.545454545,0.475307881,5.0,13.2,12.9,49.3,13.3,0.140,0.134,0.10,7.35,7.90,1.52,0.065,2.73,0.02,0.94,0
5/23/2024,,8,8.0,8.0,CohereForAI/aya-23-8B,https://huggingface.co/CohereForAI/aya-23-8B,18.57,5.454545455,0.669636012,27.5,0.0,27.5,37.8,0.0,0.145,0.124,0.10,8.16,7.93,1.64,0.076,2.47,0.01,0.81,1
2/20/2024,,7,7.0,7.0,crestf411/daybreak-kunoichi-2dpo-7b,https://huggingface.co/crestf411/daybreak-kunoichi-2dpo-7b,18.53,4.545454545,1.308641214,17.5,11.8,30.6,29.7,3.0,0.151,0.164,0.10,6.60,7.39,1.57,0.000,NA,NA,NA,0
9/29/2024,10/5/2024,9,9.0,9.0,nbeerbower/Gemma2-Gutenberg-Doppel-9B,https://huggingface.co/nbeerbower/Gemma2-Gutenberg-Doppel-9B,18.46,0.909090909,0.5,49.2,20.0,4.2,15.9,3.0,0.273,0.297,0.20,6.32,9.46,1.65,0.169,1.93,0.02,1.00,0
8/19/2024,8/20/2024,8,8.0,8.0,Sao10K/Llama-3.1-8B-Stheno-v3.4,https://huggingface.co/Sao10K/Llama-3.1-8B-Stheno-v3.4,18.37,2.727272727,1.073047509,10.0,25.0,12.3,36.2,8.3,0.250,0.273,0.20,6.98,7.28,1.95,0.043,2.67,-0.15,1.00,0
5/17/2024,,8,8.0,8.0,princeton-nlp/Llama-3-Instruct-8B-SimPO,https://huggingface.co/princeton-nlp/Llama-3-Instruct-8B-SimPO,17.72,3.636363636,1.00850696,13.3,18.1,18.5,38.7,0.0,0.139,0.180,0.05,8.40,10.92,1.51,0.091,2.07,0.04,0.50,0
6/3/2024,8/13/2024,22,22.0,22.0,failspy/Codestral-22B-v0.1-abliterated-v3,https://huggingface.co/failspy/Codestral-22B-v0.1-abliterated-v3,17.57,4.545454545,0.439075479,40.0,5.0,24.6,18.3,0.0,0.075,0.072,0.05,9.05,8.55,1.90,0.033,2.93,-0.11,1.75,0
7/16/2024,7/19/2024,8,8.0,8.0,nothingiisreal/L3-8B-Celeste-v1,https://huggingface.co/nothingiisreal/L3-8B-Celeste-v1,17.56,3.636363636,1.891858234,0.0,25.3,11.3,36.9,14.3,0.072,0.197,0.00,6.99,6.12,1.56,0.000,2.20,NA,0.00,0
7/2/2024,,8,8.0,8.0,FPHam/L3-8B-Everything-COT,https://huggingface.co/FPHam/L3-8B-Everything-COT,17.38,4.090909091,1.044631035,13.3,8.8,23.6,32.8,8.3,0.063,0.102,0.00,9.65,8.10,1.81,0.119,2.33,0.04,1.12,0
7/25/2024,7/29/2024,8,8.0,8.0,grimjim/Llama-3.1-8B-Instruct-abliterated_via_adapter,https://huggingface.co/grimjim/Llama-3.1-8B-Instruct-abliterated_via_adapter,16.95,3.636363636,1.730226804,10.0,0.3,21.7,29.4,23.3,0.074,0.073,0.05,8.07,7.48,1.48,0.045,2.60,-0.20,1.09,0
6/26/2024,7/30/2024,8,8.0,8.0,tokyotech-llm/Llama-3-Swallow-8B-Instruct-v0.1,https://huggingface.co/tokyotech-llm/Llama-3-Swallow-8B-Instruct-v0.1,16.91,2.727272727,0.994631035,28.3,0.4,12.1,28.6,15.0,0.084,0.106,0.00,9.51,7.27,1.43,0.036,2.33,-0.33,0.88,0
7/17/2024,7/24/2024,8,8.0,8.0,grimjim/llama-3-Nephilim-v3-8B,https://huggingface.co/grimjim/llama-3-Nephilim-v3-8B,16.75,3.636363636,1.5734773,10.0,16.1,11.3,32.1,14.3,0.072,0.106,0.05,7.36,10.94,1.48,0.000,NA,NA,NA,0
5/26/2024,7/30/2024,8,8.0,8.0,chujiezheng/Llama-3-Instruct-8B-SimPO-ExPO,https://huggingface.co/chujiezheng/Llama-3-Instruct-8B-SimPO-ExPO,16.29,2.727272727,0.341840293,31.7,5.3,11.2,26.6,6.7,0.062,0.105,0.00,8.35,10.38,1.67,0.057,2.40,-0.02,0.57,0
11/28/2023,,20,20.0,20.0,jebcarter/psyonic-cetacean-20B,https://huggingface.co/jebcarter/psyonic-cetacean-20B,16.16,4.772727273,0.365212348,35.8,0.0,20.6,24.4,0.0,0.037,0.037,0.00,4.18,5.49,2.64,0.000,NA,NA,NA,0
9/25/2024,10/2/2024,3,3.0,3.0,meta-llama/Llama-3.2-3B-Instruct,https://huggingface.co/meta-llama/Llama-3.2-3B-Instruct,15.94,4.545454545,1.273136955,0.0,5.3,12.2,47.2,15.0,0.090,0.105,0.05,7.34,9.40,1.69,0.039,2.80,-0.10,0.85,1
6/14/2024,8/13/2024,16,16.0,16.0,deepseek-ai/DeepSeek-Coder-V2-Lite-Instruct,https://huggingface.co/deepseek-ai/DeepSeek-Coder-V2-Lite-Instruct,15.66,3.636363636,1.031201294,15.0,5.0,17.5,32.5,8.3,0.170,0.157,0.10,6.84,10.50,1.48,0.074,2.13,0.17,0.25,1
7/15/2024,10/2/2024,1.7,1.7,1.7,HuggingFaceTB/SmolLM-1.7B-Instruct,https://huggingface.co/HuggingFaceTB/SmolLM-1.7B-Instruct,15.54,6.363636364,0.333333333,25.0,0.7,20.6,31.4,0.0,0.060,0.035,0.05,27.04,5.22,1.52,0.000,NA,NA,NA,1
3/3/2024,,7,7.0,7.0,localfultonextractor/Erosumika-7B,https://huggingface.co/Lewdiculous/Erosumika-7B-GGUF-IQ-Imatrix,14.30,3.636363636,0.475307881,15.0,7.5,16.3,29.7,3.0,0.125,0.159,0.05,8.13,9.06,1.79,0.027,3.00,-0.14,0.85,0
6/29/2024,,9,9.0,9.0,UCLA-AGI/Gemma-2-9B-It-SPPO-Iter3,https://huggingface.co/UCLA-AGI/Gemma-2-9B-It-SPPO-Iter3,13.97,0.909090909,0.5,32.5,10.0,3.7,20.6,3.0,0.240,0.294,0.10,5.61,9.36,1.97,0.149,1.87,-0.04,0.89,0
10/20/2023,7/31/2024,3,3.0,3.0,NousResearch/Nous-Capybara-3B-V1.9,https://huggingface.co/NousResearch/Nous-Capybara-3B-V1.9,13.68,3.636363636,0.889379013,5.0,0.0,20.2,22.2,21.0,0.079,0.110,0.05,8.30,8.12,1.61,0.184,1.93,0.15,0.77,0
10/29/2023,7/25/2024,7,7.0,7.0,teknium/OpenHermes-2.5-Mistral-7B,https://huggingface.co/teknium/OpenHermes-2.5-Mistral-7B,13.40,3.636363636,0.198545682,18.3,0.0,0.0,45.7,3.0,0.033,0.062,0.00,10.73,8.45,1.98,0.000,NA,NA,NA,0
7/18/2023,,70,70.0,70.0,meta-llama/Llama-2-70b-chat-hf,https://huggingface.co/meta-llama/Llama-2-70b-chat-hf,13.38,0,1.222222222,26.7,5.0,4.7,16.1,14.3,0.179,0.245,0.00,7.29,7.65,1.66,0.047,2.13,-0.27,0.71,1
11/6/2023,,,NA,NA,gpt-4-1106-preview,,13.36,0,1.4,0.0,46.0,6.8,14.0,0.0,0.450,0.463,0.45,5.40,9.67,1.52,0.271,2.02,0.22,1.33,0
5/4/2024,,6.74,6.7,6.7,yukiarimo/yuna-ai-v3,https://huggingface.co/yukiarimo/yuna-ai-v3,13.31,5.454545455,0.666666667,12.5,0.0,38.6,15.5,0.0,0.012,0.012,0.00,19.38,5.46,2.28,0.000,NA,NA,NA,1
7/7/2024,,14.6,14.6,14.6,DavidAU/Llama3-Little-LLM-Of-Horror_N_Fiction-14.6B,https://huggingface.co/DavidAU/Llama3-Little-LLM-Of-Horror_N_Fiction-14.6B-GGUF,13.30,3.636363636,0.684588411,5.0,2.7,29.6,22.5,6.7,0.058,0.085,0.00,9.19,8.84,1.24,0.160,2.20,0.26,0.63,0
6/25/2024,,8,8.0,8.0,UCLA-AGI/Llama-3-Instruct-8B-SPPO-Iter3,https://huggingface.co/UCLA-AGI/Llama-3-Instruct-8B-SPPO-Iter3,13.25,2.727272727,0.742107266,5.0,15.3,8.1,37.8,0.0,0.098,0.161,0.05,8.39,9.55,1.66,0.126,2.53,0.21,0.88,0
5/5/2024,8/15/2024,8,8.0,8.0,nbeerbower/llama-3-gutenberg-8B,https://huggingface.co/nbeerbower/llama-3-gutenberg-8B,12.40,0.909090909,1.030863436,30.8,10.3,0.0,12.6,8.3,0.096,0.096,0.10,10.26,9.21,1.50,0.000,2.20,NA,0.00,0
5/24/2024,,,NA,NA,Gemini 1.5 Pro,,12.22,0,1.544444444,0.0,22.9,3.5,18.0,16.7,0.575,0.404,0.50,5.79,7.40,2.13,0.139,2.33,0.20,0.77,0
3/4/2024,,20,20.0,20.0,seb-c/Psydestroyer-20B,https://huggingface.co/seb-c/Psydestroyer-20B,12.02,4.909090909,0.517921745,5.0,0.4,30.0,21.7,3.0,0.062,0.050,0.05,4.93,6.55,2.15,0.000,NA,NA,NA,0
6/4/2024,,7,7.0,7.0,Qwen/Qwen2-7B-Instruct,https://huggingface.co/Qwen/Qwen2-7B-Instruct,11.55,2.727272727,0.555555556,15.0,0.0,8.1,26.3,8.3,0.108,0.087,0.10,9.91,11.56,1.75,0.074,2.13,0.17,0.25,1
8/24/2024,8/25/2024,2,2.0,2.0,cognitivecomputations/dolphin-2.9.4-gemma2-2b,https://huggingface.co/cognitivecomputations/dolphin-2.9.4-gemma2-2b,11.06,2.045454545,0.675173626,18.3,0.0,18.8,18.1,0.0,0.039,0.072,0.00,10.58,11.33,1.17,0.102,2.53,0.07,1.07,0
5/26/2024,,3.8,3.8,3.8,failspy/Phi-3-mini-128k-instruct-abliterated-v3,https://huggingface.co/failspy/Phi-3-mini-128k-instruct-abliterated-v3,11.03,3.181818182,0.344585908,0.0,10.0,14.1,31.1,0.0,0.074,0.124,0.00,8.12,8.84,1.48,0.000,NA,NA,NA,0
6/25/2024,,9,9.0,9.0,google/gemma-2-9b-it,https://huggingface.co/google/gemma-2-9b-it,10.79,0,0.5,25.0,10.0,2.5,13.4,3.0,0.135,0.189,0.05,6.13,9.02,1.64,0.101,2.33,0.00,1.02,1
6/3/2024,7/25/2024,1.5,1.5,1.5,Qwen/Qwen2-1.5B-Instruct,https://huggingface.co/Qwen/Qwen2-1.5B-Instruct,10.15,1.818181818,0.558524901,20.0,0.0,9.8,12.6,8.3,0.064,0.064,0.00,11.51,8.26,1.57,0.000,NA,NA,NA,1
7/1/2024,7/24/2024,3.8,3.8,3.8,microsoft/Phi-3.1-mini-4k-instruct,https://huggingface.co/microsoft/Phi-3-mini-4k-instruct,8.97,0.909090909,0.772408813,15.0,6.4,16.3,7.2,0.0,0.023,0.039,0.00,10.26,12.40,0.81,0.000,NA,NA,NA,1
6/3/2024,7/25/2024,0.5,0.5,0.5,Qwen/Qwen2-0.5B-Instruct,https://huggingface.co/Qwen/Qwen2-0.5B-Instruct,8.90,3.636363636,0.002969345,0.0,0.0,20.0,24.5,0.0,0.013,0.035,0.00,13.63,11.28,1.89,0.031,3.40,0.08,2.42,1
1/13/2024,,7,7.0,7.0,SanjiWatsuki/Kunoichi-DPO-v2-7B,https://huggingface.co/SanjiWatsuki/Kunoichi-DPO-v2-7B,8.41,1.818181818,0.475307881,10.0,0.0,6.3,19.8,6.0,0.102,0.102,0.05,6.53,9.36,1.47,0.000,NA,NA,NA,0
5/22/2024,7/31/2024,7,7.0,7.0,mistralai/Mistral-7B-Instruct-v0.3,https://huggingface.co/mistralai/Mistral-7B-Instruct-v0.3,8.32,0,1.1734773,10.0,1.5,6.8,12.0,11.3,0.119,0.115,0.10,10.78,8.55,1.82,0.073,2.47,-0.05,0.96,1
2/29/2024,,,NA,NA,claude-3-opus-20240229,,7.90,0,0,0.0,5.9,17.0,16.7,0.0,0.691,0.427,0.80,7.97,9.06,2.03,0.679,1.60,0.73,0.79,0
5/27/2024,,3.8,3.8,3.8,failspy/Phi-3-mini-4k-geminified,https://huggingface.co/failspy/Phi-3-mini-4k-geminified,7.85,0,0.344585908,5.0,15.0,0.0,12.6,6.7,0.112,0.137,0.05,7.13,9.21,1.82,0.000,NA,NA,NA,0
7/31/2024,8/2/2024,2,2.0,2.0,IlyaGusev/gemma-2-2b-it-abliterated,https://huggingface.co/IlyaGusev/gemma-2-2b-it-abliterated,7.64,2.5,0.697530103,0.0,0.0,13.3,16.6,8.3,0.059,0.065,0.00,8.37,9.64,1.75,0.032,2.60,-0.23,0.81,0
8/20/2024,8/21/2024,3.8,3.8,3.8,microsoft/Phi-3.5-mini-instruct,https://huggingface.co/microsoft/Phi-3.5-mini-instruct,7.51,1.363636364,0.475645738,5.0,0.0,3.6,22.3,6.7,0.064,0.042,0.05,10.27,11.79,0.78,0.019,2.07,-0.54,0.68,1
7/16/2024,8/2/2024,2,2.0,2.0,google/gemma-2-2b-it,https://huggingface.co/google/gemma-2-2b-it,4.44,0,0.555555556,0.0,0.0,1.1,12.8,8.3,0.119,0.118,0.05,5.82,8.19,1.92,0.044,2.60,-0.17,0.97,1
2/21/2024,7/24/2024,7,7.0,7.0,google/gemma-7b-it,https://huggingface.co/google/gemma-7b-it,2.29,0,0,5.0,0.8,0.0,5.6,0.0,0.016,0.016,0.00,15.06,10.13,0.84,0.000,NA,NA,NA,1
